-- AUTOR: LUCAS STERN
--EX 1
--TABELA ESTADO
INSERT INTO T_AM_ART_ESTADO
(CD_ESTADO, NM_ESTADO,SG_ESTADO)
VALUES (SQ_AM_ART_ESTADO.NEXTVAL,'AMAZONAS','AM');

INSERT INTO T_AM_ART_ESTADO
(CD_ESTADO, NM_ESTADO,SG_ESTADO)
VALUES (SQ_AM_ART_ESTADO.NEXTVAL,'PARA','PA');

INSERT INTO T_AM_ART_ESTADO
(CD_ESTADO, NM_ESTADO,SG_ESTADO)
VALUES (SQ_AM_ART_ESTADO.NEXTVAL,'MATO GROSSO','MT');

INSERT INTO T_AM_ART_ESTADO
(CD_ESTADO, NM_ESTADO,SG_ESTADO)
VALUES (SQ_AM_ART_ESTADO.NEXTVAL,'MINAS GERAIS','MG');

INSERT INTO T_AM_ART_ESTADO
(CD_ESTADO, NM_ESTADO,SG_ESTADO)
VALUES (SQ_AM_ART_ESTADO.NEXTVAL,'BAHIA','BA');

INSERT INTO T_AM_ART_ESTADO
(CD_ESTADO, NM_ESTADO,SG_ESTADO)
VALUES (SQ_AM_ART_ESTADO.NEXTVAL,'MATO GROSSO DO SUL','MS');

INSERT INTO T_AM_ART_ESTADO
(CD_ESTADO, NM_ESTADO,SG_ESTADO)
VALUES (SQ_AM_ART_ESTADO.NEXTVAL,'GOIAS','GO');

INSERT INTO T_AM_ART_ESTADO
(CD_ESTADO, NM_ESTADO,SG_ESTADO)
VALUES (SQ_AM_ART_ESTADO.NEXTVAL,'MARANHÃO','MA');

INSERT INTO T_AM_ART_ESTADO
(CD_ESTADO, NM_ESTADO,SG_ESTADO)
VALUES (SQ_AM_ART_ESTADO.NEXTVAL,'RIO GRANDE DO SUL','RS');

INSERT INTO T_AM_ART_ESTADO
(CD_ESTADO, NM_ESTADO,SG_ESTADO)
VALUES (SQ_AM_ART_ESTADO.NEXTVAL,'TOCANTINS','TO');

INSERT INTO T_AM_ART_ESTADO
(CD_ESTADO, NM_ESTADO,SG_ESTADO)
VALUES (SQ_AM_ART_ESTADO.NEXTVAL,'PIAUI','PI');

INSERT INTO T_AM_ART_ESTADO
(CD_ESTADO, NM_ESTADO,SG_ESTADO)
VALUES (SQ_AM_ART_ESTADO.NEXTVAL,'SÃO PAULO','SP');

INSERT INTO T_AM_ART_ESTADO
(CD_ESTADO, NM_ESTADO,SG_ESTADO)
VALUES (SQ_AM_ART_ESTADO.NEXTVAL,'RONDÔNIA','RO');

INSERT INTO T_AM_ART_ESTADO
(CD_ESTADO, NM_ESTADO,SG_ESTADO)
VALUES (SQ_AM_ART_ESTADO.NEXTVAL,'RORAIMA','RR');

INSERT INTO T_AM_ART_ESTADO
(CD_ESTADO, NM_ESTADO,SG_ESTADO)
VALUES (SQ_AM_ART_ESTADO.NEXTVAL,'PARANÁ','PR');

INSERT INTO T_AM_ART_ESTADO
(CD_ESTADO, NM_ESTADO,SG_ESTADO)
VALUES (SQ_AM_ART_ESTADO.NEXTVAL,'ACRE','AC');

INSERT INTO T_AM_ART_ESTADO
(CD_ESTADO, NM_ESTADO,SG_ESTADO)
VALUES (SQ_AM_ART_ESTADO.NEXTVAL,'CEARÁ','CE');

INSERT INTO T_AM_ART_ESTADO
(CD_ESTADO, NM_ESTADO,SG_ESTADO)
VALUES (SQ_AM_ART_ESTADO.NEXTVAL,'AMAPÁ','AP');

INSERT INTO T_AM_ART_ESTADO
(CD_ESTADO, NM_ESTADO,SG_ESTADO)
VALUES (SQ_AM_ART_ESTADO.NEXTVAL,'PERNAMBUCO','PE');

INSERT INTO T_AM_ART_ESTADO
(CD_ESTADO, NM_ESTADO,SG_ESTADO)
VALUES (SQ_AM_ART_ESTADO.NEXTVAL,'SANTA CATARINA','SC');

INSERT INTO T_AM_ART_ESTADO
(CD_ESTADO, NM_ESTADO,SG_ESTADO)
VALUES (SQ_AM_ART_ESTADO.NEXTVAL,'PARAÍBA','PB');

INSERT INTO T_AM_ART_ESTADO
(CD_ESTADO, NM_ESTADO,SG_ESTADO)
VALUES (SQ_AM_ART_ESTADO.NEXTVAL,'RIO GRANDE DO NORTE','RN');

INSERT INTO T_AM_ART_ESTADO
(CD_ESTADO, NM_ESTADO,SG_ESTADO)
VALUES (SQ_AM_ART_ESTADO.NEXTVAL,'ESPIRITO SANTO','ES');

INSERT INTO T_AM_ART_ESTADO
(CD_ESTADO, NM_ESTADO,SG_ESTADO)
VALUES (SQ_AM_ART_ESTADO.NEXTVAL,'RIO DE JANEIRO','RJ');

INSERT INTO T_AM_ART_ESTADO
(CD_ESTADO, NM_ESTADO,SG_ESTADO)
VALUES (SQ_AM_ART_ESTADO.NEXTVAL,'ALAGOAS','AL');

INSERT INTO T_AM_ART_ESTADO
(CD_ESTADO, NM_ESTADO,SG_ESTADO)
VALUES (SQ_AM_ART_ESTADO.NEXTVAL,'SERGIPE','SE');

commit;

-- EX2
---TABELA CIDADE
--SÃO PAULO
INSERT INTO T_AM_ART_CIDADE
(CD_CIDADE, CD_ESTADO, NM_CIDADE)
VALUES (SQ_AM_ART_CIDADE.NEXTVAL, 12, 'SÃO PAULO');

INSERT INTO T_AM_ART_CIDADE
(CD_CIDADE, CD_ESTADO, NM_CIDADE)
VALUES (SQ_AM_ART_CIDADE.NEXTVAL, 12, 'GUARULHOS');

INSERT INTO T_AM_ART_CIDADE
(CD_CIDADE, CD_ESTADO, NM_CIDADE)
VALUES (SQ_AM_ART_CIDADE.NEXTVAL, 12, 'SANTOS');

INSERT INTO T_AM_ART_CIDADE
(CD_CIDADE, CD_ESTADO, NM_CIDADE)
VALUES (SQ_AM_ART_CIDADE.NEXTVAL, 12, 'SÃO VICENTE');

INSERT INTO T_AM_ART_CIDADE
(CD_CIDADE, CD_ESTADO, NM_CIDADE)
VALUES (SQ_AM_ART_CIDADE.NEXTVAL, 12, 'CAMPINAS');

--RIO JANEIRO
INSERT INTO T_AM_ART_CIDADE
(CD_CIDADE, CD_ESTADO, NM_CIDADE)
VALUES (SQ_AM_ART_CIDADE.NEXTVAL, 24, 'RIO DE JANEIRO');

INSERT INTO T_AM_ART_CIDADE
(CD_CIDADE, CD_ESTADO, NM_CIDADE)
VALUES (SQ_AM_ART_CIDADE.NEXTVAL, 24, 'NITEROI');

INSERT INTO T_AM_ART_CIDADE
(CD_CIDADE, CD_ESTADO, NM_CIDADE)
VALUES (SQ_AM_ART_CIDADE.NEXTVAL, 24, 'REZENDE');

INSERT INTO T_AM_ART_CIDADE
(CD_CIDADE, CD_ESTADO, NM_CIDADE)
VALUES (SQ_AM_ART_CIDADE.NEXTVAL, 24, 'TERESOPOLIS');

INSERT INTO T_AM_ART_CIDADE
(CD_CIDADE, CD_ESTADO, NM_CIDADE)
VALUES (SQ_AM_ART_CIDADE.NEXTVAL, 24, 'ANGRA DOS REIS');



--MINAS GERAIS
INSERT INTO T_AM_ART_CIDADE
(CD_CIDADE, CD_ESTADO, NM_CIDADE)
VALUES (SQ_AM_ART_CIDADE.NEXTVAL, 4, 'BELO HORIZONTE');

INSERT INTO T_AM_ART_CIDADE
(CD_CIDADE, CD_ESTADO, NM_CIDADE)
VALUES (SQ_AM_ART_CIDADE.NEXTVAL, 4, 'VARGINHA');

INSERT INTO T_AM_ART_CIDADE
(CD_CIDADE, CD_ESTADO, NM_CIDADE)
VALUES (SQ_AM_ART_CIDADE.NEXTVAL, 4, 'UBERABA');

INSERT INTO T_AM_ART_CIDADE
(CD_CIDADE, CD_ESTADO, NM_CIDADE)
VALUES (SQ_AM_ART_CIDADE.NEXTVAL, 4, 'UBERLÂNDIA');

INSERT INTO T_AM_ART_CIDADE
(CD_CIDADE, CD_ESTADO, NM_CIDADE)
VALUES (SQ_AM_ART_CIDADE.NEXTVAL, 4, 'SÃO TOMÉ DAS LETRAS');

commit;

-- EX 3
--Tabela: Bairro
--Sao Paulo
INSERT INTO T_AM_ART_BAIRRO
(CD_BAIRRO, CD_CIDADE, NM_BAIRRO)
VALUES (SQ_AM_ART_BAIRRO.NEXTVAL, 1, 'ITAQUERA');

INSERT INTO T_AM_ART_BAIRRO
(CD_BAIRRO, CD_CIDADE, NM_BAIRRO)
VALUES (SQ_AM_ART_BAIRRO.NEXTVAL, 1, 'BROOKLYN');

INSERT INTO T_AM_ART_BAIRRO
(CD_BAIRRO, CD_CIDADE, NM_BAIRRO)
VALUES (SQ_AM_ART_BAIRRO.NEXTVAL, 1, 'MORUMBI');

INSERT INTO T_AM_ART_BAIRRO
(CD_BAIRRO, CD_CIDADE, NM_BAIRRO)
VALUES (SQ_AM_ART_BAIRRO.NEXTVAL, 1, 'INTERLAGOS');

INSERT INTO T_AM_ART_BAIRRO
(CD_BAIRRO, CD_CIDADE, NM_BAIRRO)
VALUES (SQ_AM_ART_BAIRRO.NEXTVAL, 1, 'PERDIZES');

--Guarulhos
INSERT INTO T_AM_ART_BAIRRO
(CD_BAIRRO, CD_CIDADE, NM_BAIRRO)
VALUES (SQ_AM_ART_BAIRRO.NEXTVAL, 2, 'COCAIA');

INSERT INTO T_AM_ART_BAIRRO
(CD_BAIRRO, CD_CIDADE, NM_BAIRRO)
VALUES (SQ_AM_ART_BAIRRO.NEXTVAL, 2, 'PIMENTAS');

INSERT INTO T_AM_ART_BAIRRO
(CD_BAIRRO, CD_CIDADE, NM_BAIRRO)
VALUES (SQ_AM_ART_BAIRRO.NEXTVAL, 2, 'JARDIM OTAWWA');

INSERT INTO T_AM_ART_BAIRRO
(CD_BAIRRO, CD_CIDADE, NM_BAIRRO)
VALUES (SQ_AM_ART_BAIRRO.NEXTVAL, 2, 'VILA BARROS');

INSERT INTO T_AM_ART_BAIRRO
(CD_BAIRRO, CD_CIDADE, NM_BAIRRO)
VALUES (SQ_AM_ART_BAIRRO.NEXTVAL, 2, 'JARDIM MAIA');

--Santos

INSERT INTO T_AM_ART_BAIRRO
(CD_BAIRRO, CD_CIDADE, NM_BAIRRO)
VALUES (SQ_AM_ART_BAIRRO.NEXTVAL, 3, 'CONZAGA');

INSERT INTO T_AM_ART_BAIRRO
(CD_BAIRRO, CD_CIDADE, NM_BAIRRO)
VALUES (SQ_AM_ART_BAIRRO.NEXTVAL, 3, 'BOQUEIRÃO');

INSERT INTO T_AM_ART_BAIRRO
(CD_BAIRRO, CD_CIDADE, NM_BAIRRO)
VALUES (SQ_AM_ART_BAIRRO.NEXTVAL, 3, 'APARECIDA');

INSERT INTO T_AM_ART_BAIRRO
(CD_BAIRRO, CD_CIDADE, NM_BAIRRO)
VALUES (SQ_AM_ART_BAIRRO.NEXTVAL, 3, 'CAMPO GRANDE');

INSERT INTO T_AM_ART_BAIRRO
(CD_BAIRRO, CD_CIDADE, NM_BAIRRO)
VALUES (SQ_AM_ART_BAIRRO.NEXTVAL, 3, 'ENCRUZILHADA');

COMMIT;

-- EX 4
--TABELA:TIPO LOGRADOURO
INSERT INTO T_AM_ART_TIPO_LOG
(CD_TIPO_LOG, DS_TIPO_LOG)
VALUES (SQ_AM_ART_TIPO_LOG.NEXTVAL, 'ALAMEDA');

INSERT INTO T_AM_ART_TIPO_LOG
(CD_TIPO_LOG, DS_TIPO_LOG)
VALUES (SQ_AM_ART_TIPO_LOG.NEXTVAL, 'AVENIDA');

INSERT INTO T_AM_ART_TIPO_LOG
(CD_TIPO_LOG, DS_TIPO_LOG)
VALUES (SQ_AM_ART_TIPO_LOG.NEXTVAL, 'PRAÇA');

INSERT INTO T_AM_ART_TIPO_LOG
(CD_TIPO_LOG, DS_TIPO_LOG)
VALUES (SQ_AM_ART_TIPO_LOG.NEXTVAL, 'RUA');

INSERT INTO T_AM_ART_TIPO_LOG
(CD_TIPO_LOG, DS_TIPO_LOG)
VALUES (SQ_AM_ART_TIPO_LOG.NEXTVAL, 'TRAVESSA');

COMMIT;

-- AUTOR: CHRISTIAN PERRONE
-- EX 5
-- TABELA: LOGRADOURO
--BAIRRO: ITAQUERA
INSERT INTO T_AM_ART_LOGRADOURO
(NR_CEP, CD_BAIRRO, CD_TIPO_LOG, DS_LOGRADOURO)
VALUES (08210080, 1, 4, 'RUA PAULO DE TARSO RODRIGUES');

INSERT INTO T_AM_ART_LOGRADOURO
(NR_CEP, CD_BAIRRO, CD_TIPO_LOG, DS_LOGRADOURO)
VALUES (08210020, 1, 4, 'RUA PALMITINHO');

INSERT INTO T_AM_ART_LOGRADOURO
(NR_CEP, CD_BAIRRO, CD_TIPO_LOG, DS_LOGRADOURO)
VALUES (08210100, 1, 4, 'RUA KEN SUGAYA');

INSERT INTO T_AM_ART_LOGRADOURO
(NR_CEP, CD_BAIRRO, CD_TIPO_LOG, DS_LOGRADOURO)
VALUES (08210050, 1, 4, 'RUA EUZEBIO BENTO BARBOSA');

INSERT INTO T_AM_ART_LOGRADOURO
(NR_CEP, CD_BAIRRO, CD_TIPO_LOG, DS_LOGRADOURO)
VALUES (08210030, 1, 4, 'RUA COLOMBO');

COMMIT;
-- BAIRRO: MORUMBI

INSERT INTO T_AM_ART_LOGRADOURO
(NR_CEP, CD_BAIRRO, CD_TIPO_LOG, DS_LOGRADOURO)
VALUES (05651020, 3, 4, 'RUA WAGIH ASSAD ABDALLA');

INSERT INTO T_AM_ART_LOGRADOURO
(NR_CEP, CD_BAIRRO, CD_TIPO_LOG, DS_LOGRADOURO)
VALUES (05613070, 3, 4, 'RUA ROQUE FURTADO');

INSERT INTO T_AM_ART_LOGRADOURO
(NR_CEP, CD_BAIRRO, CD_TIPO_LOG, DS_LOGRADOURO)
VALUES (05613050, 3, 4, 'RUA PROFESSOR LUIZ OLIANI');

INSERT INTO T_AM_ART_LOGRADOURO
(NR_CEP, CD_BAIRRO, CD_TIPO_LOG, DS_LOGRADOURO)
VALUES (05654050, 3, 4, 'RUA GRUMETE SANDOVAL SANTOS');

INSERT INTO T_AM_ART_LOGRADOURO
(NR_CEP, CD_BAIRRO, CD_TIPO_LOG, DS_LOGRADOURO)
VALUES (05613080, 3, 4, 'RUA DOUTOR ANTONIO BATISTA PEREIRA');

COMMIT;
-- BAIRRO: INTERLAGOS
INSERT INTO T_AM_ART_LOGRADOURO
(NR_CEP, CD_BAIRRO, CD_TIPO_LOG, DS_LOGRADOURO)
VALUES (04783070, 4, 4, 'RUA VASSARI');

INSERT INTO T_AM_ART_LOGRADOURO
(NR_CEP, CD_BAIRRO, CD_TIPO_LOG, DS_LOGRADOURO)
VALUES (04783050, 4, 4, 'RUA SAO FORTUNATO');

INSERT INTO T_AM_ART_LOGRADOURO
(NR_CEP, CD_BAIRRO, CD_TIPO_LOG, DS_LOGRADOURO)
VALUES (04783160, 4, 4, 'RUA JOSE SECUNDINO DA COSTA');

INSERT INTO T_AM_ART_LOGRADOURO
(NR_CEP, CD_BAIRRO, CD_TIPO_LOG, DS_LOGRADOURO)
VALUES (04783060, 4, 3, 'PRACA VICENZO GALILEI');

INSERT INTO T_AM_ART_LOGRADOURO
(NR_CEP, CD_BAIRRO, CD_TIPO_LOG, DS_LOGRADOURO)
VALUES (04783155, 4, 3, 'PRACA JOSE GOMES DA SILVA NETO');

COMMIT;
-- BAIRRO: PERDIZES
INSERT INTO T_AM_ART_LOGRADOURO
(NR_CEP, CD_BAIRRO, CD_TIPO_LOG, DS_LOGRADOURO)
VALUES (05005060, 5, 5, 'TRAVESSA ARCANGELO CRIVELLI');

INSERT INTO T_AM_ART_LOGRADOURO
(NR_CEP, CD_BAIRRO, CD_TIPO_LOG, DS_LOGRADOURO)
VALUES (05005001, 5, 4, 'RUA TURIASSU');

INSERT INTO T_AM_ART_LOGRADOURO
(NR_CEP, CD_BAIRRO, CD_TIPO_LOG, DS_LOGRADOURO)
VALUES (05004030, 5, 4, 'RUA SAO GERALDO');

INSERT INTO T_AM_ART_LOGRADOURO
(NR_CEP, CD_BAIRRO, CD_TIPO_LOG, DS_LOGRADOURO)
VALUES (05006010, 5, 4, 'RUA PARAGUASSU');

INSERT INTO T_AM_ART_LOGRADOURO
(NR_CEP, CD_BAIRRO, CD_TIPO_LOG, DS_LOGRADOURO)
VALUES (05004010, 5, 4, 'RUA LINCOLN ALBUQUERQUE');

COMMIT;
-- BAIRRO: COCAIA
INSERT INTO T_AM_ART_LOGRADOURO
(NR_CEP, CD_BAIRRO, CD_TIPO_LOG, DS_LOGRADOURO)
VALUES (07130220, 6, 4, 'RUA PIUMA');

INSERT INTO T_AM_ART_LOGRADOURO
(NR_CEP, CD_BAIRRO, CD_TIPO_LOG, DS_LOGRADOURO)
VALUES (07130130, 6, 4, 'RUA TIJUCAS DO SUL');

INSERT INTO T_AM_ART_LOGRADOURO
(NR_CEP, CD_BAIRRO, CD_TIPO_LOG, DS_LOGRADOURO)
VALUES (07130280, 6, 4, 'RUA SAO JOAO DEL REY');

INSERT INTO T_AM_ART_LOGRADOURO
(NR_CEP, CD_BAIRRO, CD_TIPO_LOG, DS_LOGRADOURO)
VALUES (07130240, 6, 4, 'RUA RIO DO CAMPO');

INSERT INTO T_AM_ART_LOGRADOURO
(NR_CEP, CD_BAIRRO, CD_TIPO_LOG, DS_LOGRADOURO)
VALUES (07130270, 6, 4, 'RUA RABI');

COMMIT;

-- EX 6
--TABELA: TIPO FONE
INSERT INTO T_AM_ART_TIPO_FONE
(CD_TIPO_FONE, DS_TIPO_FONE)
VALUES(SQ_AM_ART_TIPO_FONE.NEXTVAL, 'COMERCIAL');

INSERT INTO T_AM_ART_TIPO_FONE
(CD_TIPO_FONE, DS_TIPO_FONE)
VALUES(SQ_AM_ART_TIPO_FONE.NEXTVAL, 'RESIDENCIAL');

INSERT INTO T_AM_ART_TIPO_FONE
(CD_TIPO_FONE, DS_TIPO_FONE)
VALUES(SQ_AM_ART_TIPO_FONE.NEXTVAL, 'CELULAR');

INSERT INTO T_AM_ART_TIPO_FONE
(CD_TIPO_FONE, DS_TIPO_FONE)
VALUES(SQ_AM_ART_TIPO_FONE.NEXTVAL, 'RECADOS');

COMMIT;

-- EX 7
-- TABELA: TELEFONE
INSERT INTO T_AM_ART_TELEFONE
(CD_FONE, CD_TIPO_FONE, NR_DDD, NR_FONE)
VALUES(SQ_AM_ART_TELEFONE.NEXTVAL, 1, 11, 22222222);

INSERT INTO T_AM_ART_TELEFONE
(CD_FONE, CD_TIPO_FONE, NR_DDD, NR_FONE)
VALUES(SQ_AM_ART_TELEFONE.NEXTVAL, 2, 11, 22222233);

INSERT INTO T_AM_ART_TELEFONE
(CD_FONE, CD_TIPO_FONE, NR_DDD, NR_FONE)
VALUES(SQ_AM_ART_TELEFONE.NEXTVAL, 3, 11, 61619999);

INSERT INTO T_AM_ART_TELEFONE
(CD_FONE, CD_TIPO_FONE, NR_DDD, NR_FONE)
VALUES(SQ_AM_ART_TELEFONE.NEXTVAL, 1, 11, 22224444);

INSERT INTO T_AM_ART_TELEFONE
(CD_FONE, CD_TIPO_FONE, NR_DDD, NR_FONE)
VALUES(SQ_AM_ART_TELEFONE.NEXTVAL, 1, 11, 22225555);

INSERT INTO T_AM_ART_TELEFONE
(CD_FONE, CD_TIPO_FONE, NR_DDD, NR_FONE)
VALUES(SQ_AM_ART_TELEFONE.NEXTVAL, 1, 11, 22226666);

INSERT INTO T_AM_ART_TELEFONE
(CD_FONE, CD_TIPO_FONE, NR_DDD, NR_FONE)
VALUES(SQ_AM_ART_TELEFONE.NEXTVAL, 1, 11, 22227777);

INSERT INTO T_AM_ART_TELEFONE
(CD_FONE, CD_TIPO_FONE, NR_DDD, NR_FONE)
VALUES(SQ_AM_ART_TELEFONE.NEXTVAL, 1, 11, 22228888);

INSERT INTO T_AM_ART_TELEFONE
(CD_FONE, CD_TIPO_FONE, NR_DDD, NR_FONE)
VALUES(SQ_AM_ART_TELEFONE.NEXTVAL, 1, 11, 22229999);

INSERT INTO T_AM_ART_TELEFONE
(CD_FONE, CD_TIPO_FONE, NR_DDD, NR_FONE)
VALUES(SQ_AM_ART_TELEFONE.NEXTVAL, 1, 11, 22226565);

INSERT INTO T_AM_ART_TELEFONE
(CD_FONE, CD_TIPO_FONE, NR_DDD, NR_FONE)
VALUES(SQ_AM_ART_TELEFONE.NEXTVAL, 1, 11, 22228989);

INSERT INTO T_AM_ART_TELEFONE
(CD_FONE, CD_TIPO_FONE, NR_DDD, NR_FONE)
VALUES(SQ_AM_ART_TELEFONE.NEXTVAL, 1, 11, 22228544);

INSERT INTO T_AM_ART_TELEFONE
(CD_FONE, CD_TIPO_FONE, NR_DDD, NR_FONE)
VALUES(SQ_AM_ART_TELEFONE.NEXTVAL, 1, 11, 22228223);

INSERT INTO T_AM_ART_TELEFONE
(CD_FONE, CD_TIPO_FONE, NR_DDD, NR_FONE)
VALUES(SQ_AM_ART_TELEFONE.NEXTVAL, 1, 11, 22228542);

INSERT INTO T_AM_ART_TELEFONE
(CD_FONE, CD_TIPO_FONE, NR_DDD, NR_FONE)
VALUES(SQ_AM_ART_TELEFONE.NEXTVAL, 1, 11, 22228523);

INSERT INTO T_AM_ART_TELEFONE
(CD_FONE, CD_TIPO_FONE, NR_DDD, NR_FONE)
VALUES(SQ_AM_ART_TELEFONE.NEXTVAL, 1, 11, 21128544);

INSERT INTO T_AM_ART_TELEFONE
(CD_FONE, CD_TIPO_FONE, NR_DDD, NR_FONE)
VALUES(SQ_AM_ART_TELEFONE.NEXTVAL, 1, 11, 22728544);

COMMIT;

-- EX 8
-- TABELA PESSOA
INSERT INTO T_AM_ART_PESSOA
(CD_PESSOA, NM_PESSOA)
VALUES(SQ_AM_ART_PESSOA.NEXTVAL, 'MARIA FLORES');

INSERT INTO T_AM_ART_PESSOA
(CD_PESSOA, NM_PESSOA)
VALUES(SQ_AM_ART_PESSOA.NEXTVAL, 'JOAO ROSA');

INSERT INTO T_AM_ART_PESSOA
(CD_PESSOA, NM_PESSOA)
VALUES(SQ_AM_ART_PESSOA.NEXTVAL, 'GUSMAO ARRUDA');

INSERT INTO T_AM_ART_PESSOA
(CD_PESSOA, NM_PESSOA)
VALUES(SQ_AM_ART_PESSOA.NEXTVAL, 'PEDRO JORGE');

INSERT INTO T_AM_ART_PESSOA
(CD_PESSOA, NM_PESSOA)
VALUES(SQ_AM_ART_PESSOA.NEXTVAL, 'CARLOS BRANCO');

INSERT INTO T_AM_ART_PESSOA
(CD_PESSOA, NM_PESSOA)
VALUES(SQ_AM_ART_PESSOA.NEXTVAL, 'XPTO MAGAZINE');

INSERT INTO T_AM_ART_PESSOA
(CD_PESSOA, NM_PESSOA)
VALUES(SQ_AM_ART_PESSOA.NEXTVAL, 'XPTO SUPERMERCADOS');

INSERT INTO T_AM_ART_PESSOA
(CD_PESSOA, NM_PESSOA)
VALUES(SQ_AM_ART_PESSOA.NEXTVAL, 'XPTO ELETRONICOS');

INSERT INTO T_AM_ART_PESSOA
(CD_PESSOA, NM_PESSOA)
VALUES(SQ_AM_ART_PESSOA.NEXTVAL, 'XPTO BAR');

INSERT INTO T_AM_ART_PESSOA
(CD_PESSOA, NM_PESSOA)
VALUES(SQ_AM_ART_PESSOA.NEXTVAL, 'XPTO VETERINARIOS');

INSERT INTO T_AM_ART_PESSOA
(CD_PESSOA, NM_PESSOA)
VALUES(SQ_AM_ART_PESSOA.NEXTVAL, 'FORUM JOAO MENDES');

INSERT INTO T_AM_ART_PESSOA
(CD_PESSOA, NM_PESSOA)
VALUES(SQ_AM_ART_PESSOA.NEXTVAL, 'FORUM DO TATUAPE');

INSERT INTO T_AM_ART_PESSOA
(CD_PESSOA, NM_PESSOA)
VALUES(SQ_AM_ART_PESSOA.NEXTVAL, 'FORUM DO IPIRANGA');

INSERT INTO T_AM_ART_PESSOA
(CD_PESSOA, NM_PESSOA)
VALUES(SQ_AM_ART_PESSOA.NEXTVAL, 'FORUM CARLOS DUARTE');

INSERT INTO T_AM_ART_PESSOA
(CD_PESSOA, NM_PESSOA)
VALUES(SQ_AM_ART_PESSOA.NEXTVAL, 'FORUM ROBERTO ANDRADE');

COMMIT;

-- EXERCICIO 9
-- TABELA PESSOA ENDERECO
INSERT INTO T_AM_ART_PESSOA_ENDE
(CD_PESSOA_ENDE, NR_CEP, CD_PESSOA, NR_ENDERECO, DS_COMPLEMENTO)
VALUES(SQ_AM_ART_PESSOA_ENDE.NEXTVAL, 07130240, 1, 1222, NULL);

INSERT INTO T_AM_ART_PESSOA_ENDE
(CD_PESSOA_ENDE, NR_CEP, CD_PESSOA, NR_ENDERECO, DS_COMPLEMENTO)
VALUES(SQ_AM_ART_PESSOA_ENDE.NEXTVAL, 07130240, 2, 1222, NULL);

INSERT INTO T_AM_ART_PESSOA_ENDE
(CD_PESSOA_ENDE, NR_CEP, CD_PESSOA, NR_ENDERECO, DS_COMPLEMENTO)
VALUES(SQ_AM_ART_PESSOA_ENDE.NEXTVAL, 07130130, 3, 300, 'FUNDOS');

INSERT INTO T_AM_ART_PESSOA_ENDE
(CD_PESSOA_ENDE, NR_CEP, CD_PESSOA, NR_ENDERECO, DS_COMPLEMENTO)
VALUES(SQ_AM_ART_PESSOA_ENDE.NEXTVAL, 08210100, 4, 456, NULL);

INSERT INTO T_AM_ART_PESSOA_ENDE
(CD_PESSOA_ENDE, NR_CEP, CD_PESSOA, NR_ENDERECO, DS_COMPLEMENTO)
VALUES(SQ_AM_ART_PESSOA_ENDE.NEXTVAL, 08210100, 5, 456, NULL);

INSERT INTO T_AM_ART_PESSOA_ENDE
(CD_PESSOA_ENDE, NR_CEP, CD_PESSOA, NR_ENDERECO, DS_COMPLEMENTO)
VALUES(SQ_AM_ART_PESSOA_ENDE.NEXTVAL, 08210100, 6, 456, NULL);

INSERT INTO T_AM_ART_PESSOA_ENDE
(CD_PESSOA_ENDE, NR_CEP, CD_PESSOA, NR_ENDERECO, DS_COMPLEMENTO)
VALUES(SQ_AM_ART_PESSOA_ENDE.NEXTVAL, 07130270, 7, 600, NULL);

INSERT INTO T_AM_ART_PESSOA_ENDE
(CD_PESSOA_ENDE, NR_CEP, CD_PESSOA, NR_ENDERECO, DS_COMPLEMENTO)
VALUES(SQ_AM_ART_PESSOA_ENDE.NEXTVAL, 05006010, 8, 120, NULL);

INSERT INTO T_AM_ART_PESSOA_ENDE
(CD_PESSOA_ENDE, NR_CEP, CD_PESSOA, NR_ENDERECO, DS_COMPLEMENTO)
VALUES(SQ_AM_ART_PESSOA_ENDE.NEXTVAL, 05004010, 9, 1450, NULL);

INSERT INTO T_AM_ART_PESSOA_ENDE
(CD_PESSOA_ENDE, NR_CEP, CD_PESSOA, NR_ENDERECO, DS_COMPLEMENTO)
VALUES(SQ_AM_ART_PESSOA_ENDE.NEXTVAL, 07130240, 10, 666, NULL);

INSERT INTO T_AM_ART_PESSOA_ENDE
(CD_PESSOA_ENDE, NR_CEP, CD_PESSOA, NR_ENDERECO, DS_COMPLEMENTO)
VALUES(SQ_AM_ART_PESSOA_ENDE.NEXTVAL, 05613050, 10, 182, NULL);

INSERT INTO T_AM_ART_PESSOA_ENDE
(CD_PESSOA_ENDE, NR_CEP, CD_PESSOA, NR_ENDERECO, DS_COMPLEMENTO)
VALUES(SQ_AM_ART_PESSOA_ENDE.NEXTVAL, 05613050, 11, 12, NULL);

INSERT INTO T_AM_ART_PESSOA_ENDE
(CD_PESSOA_ENDE, NR_CEP, CD_PESSOA, NR_ENDERECO, DS_COMPLEMENTO)
VALUES(SQ_AM_ART_PESSOA_ENDE.NEXTVAL, 05613050, 12, 443, NULL);

INSERT INTO T_AM_ART_PESSOA_ENDE
(CD_PESSOA_ENDE, NR_CEP, CD_PESSOA, NR_ENDERECO, DS_COMPLEMENTO)
VALUES(SQ_AM_ART_PESSOA_ENDE.NEXTVAL, 05613050, 13, 33, NULL);

INSERT INTO T_AM_ART_PESSOA_ENDE
(CD_PESSOA_ENDE, NR_CEP, CD_PESSOA, NR_ENDERECO, DS_COMPLEMENTO)
VALUES(SQ_AM_ART_PESSOA_ENDE.NEXTVAL, 05613050, 14, 33, NULL);

INSERT INTO T_AM_ART_PESSOA_ENDE
(CD_PESSOA_ENDE, NR_CEP, CD_PESSOA, NR_ENDERECO, DS_COMPLEMENTO)
VALUES(SQ_AM_ART_PESSOA_ENDE.NEXTVAL, 05613050, 15, 44, NULL);

COMMIT;

-- EX 10
-- TABELA FONE PESSOA
INSERT INTO T_AM_ART_FONE_PESSOA
(CD_PESSOA, CD_FONE, NR_RAMAL)
VALUES(1, 1, 1234);

INSERT INTO T_AM_ART_FONE_PESSOA
(CD_PESSOA, CD_FONE, NR_RAMAL)
VALUES(1, 2, NULL);

INSERT INTO T_AM_ART_FONE_PESSOA
(CD_PESSOA, CD_FONE, NR_RAMAL)
VALUES(1, 3, NULL);

INSERT INTO T_AM_ART_FONE_PESSOA
(CD_PESSOA, CD_FONE, NR_RAMAL)
VALUES(2, 4, 1212);

INSERT INTO T_AM_ART_FONE_PESSOA
(CD_PESSOA, CD_FONE, NR_RAMAL)
VALUES(3, 5, NULL);

INSERT INTO T_AM_ART_FONE_PESSOA
(CD_PESSOA, CD_FONE, NR_RAMAL)
VALUES(4, 6, NULL);

INSERT INTO T_AM_ART_FONE_PESSOA
(CD_PESSOA, CD_FONE, NR_RAMAL)
VALUES(5, 7, NULL);

INSERT INTO T_AM_ART_FONE_PESSOA
(CD_PESSOA, CD_FONE, NR_RAMAL)
VALUES(6, 8, NULL);

INSERT INTO T_AM_ART_FONE_PESSOA
(CD_PESSOA, CD_FONE, NR_RAMAL)
VALUES(7, 9, 1456);

INSERT INTO T_AM_ART_FONE_PESSOA
(CD_PESSOA, CD_FONE, NR_RAMAL)
VALUES(8, 10, NULL);

INSERT INTO T_AM_ART_FONE_PESSOA
(CD_PESSOA, CD_FONE, NR_RAMAL)
VALUES(9, 11, NULL);

INSERT INTO T_AM_ART_FONE_PESSOA
(CD_PESSOA, CD_FONE, NR_RAMAL)
VALUES(10, 12, NULL);

INSERT INTO T_AM_ART_FONE_PESSOA
(CD_PESSOA, CD_FONE, NR_RAMAL)
VALUES(11, 13, NULL);

INSERT INTO T_AM_ART_FONE_PESSOA
(CD_PESSOA, CD_FONE, NR_RAMAL)
VALUES(12, 14, NULL);

INSERT INTO T_AM_ART_FONE_PESSOA
(CD_PESSOA, CD_FONE, NR_RAMAL)
VALUES(13, 15, NULL);

INSERT INTO T_AM_ART_FONE_PESSOA
(CD_PESSOA, CD_FONE, NR_RAMAL)
VALUES(14, 16, NULL);

INSERT INTO T_AM_ART_FONE_PESSOA
(CD_PESSOA, CD_FONE, NR_RAMAL)
VALUES(15, 17, NULL);

COMMIT;
-- EX 11
-- TABELA FORUM
INSERT INTO T_AM_ART_FORUM
(CD_FORUM, DS_FORUM)
VALUES(11, 'JOAO MENDES');

INSERT INTO T_AM_ART_FORUM
(CD_FORUM, DS_FORUM)
VALUES(12, 'TATUAPE');

INSERT INTO T_AM_ART_FORUM
(CD_FORUM, DS_FORUM)
VALUES(13, 'IPIRANGA');

INSERT INTO T_AM_ART_FORUM
(CD_FORUM, DS_FORUM)
VALUES(14, 'CARLOS DUARTE');

INSERT INTO T_AM_ART_FORUM
(CD_FORUM, DS_FORUM)
VALUES(15, 'ROBERTO ANDRADE');

COMMIT;
-- EX 12
-- TABELA CLIENTE
INSERT INTO T_AM_ART_CLIENTE
(CD_CLIENTE, DS_RAZAO_SOCIAL, NR_CNPJ, NR_INSC_ESTADUAL, DS_EMAIL, DS_PASSWORD)
VALUES(6, 'XPTO MAGAZINE DO BRASIL LTDA', 123456789000101, 12345434222, 'XPTO_MAGAZINE@XPTOMAGAZINE.COM', '123456');

INSERT INTO T_AM_ART_CLIENTE
(CD_CLIENTE, DS_RAZAO_SOCIAL, NR_CNPJ, NR_INSC_ESTADUAL, DS_EMAIL, DS_PASSWORD)
VALUES(7, 'XPTO SUPERMERCADOS DO BRASIL LTDA', 123456789000102, 12345434223, 'XPTO_SUPERMERCADOS@XPTOSUPERMERCADOS.COM', '123456');

INSERT INTO T_AM_ART_CLIENTE
(CD_CLIENTE, DS_RAZAO_SOCIAL, NR_CNPJ, NR_INSC_ESTADUAL, DS_EMAIL, DS_PASSWORD)
VALUES(8, 'XPTO ELETRONICOS DO BRASIL LTDA', 123456789000103, 12345434224, 'XPTO_ELETRONICOS@XPTOELETRONICOS.COM', '123456');

INSERT INTO T_AM_ART_CLIENTE
(CD_CLIENTE, DS_RAZAO_SOCIAL, NR_CNPJ, NR_INSC_ESTADUAL, DS_EMAIL, DS_PASSWORD)
VALUES(9, 'XPTO BAR DO BRASIL LTDA', 123456789000104, 12345434224, 'XPTO_BAR@XPTOBAR.COM', '123456');

INSERT INTO T_AM_ART_CLIENTE
(CD_CLIENTE, DS_RAZAO_SOCIAL, NR_CNPJ, NR_INSC_ESTADUAL, DS_EMAIL, DS_PASSWORD)
VALUES(10, 'XPTO VETERINARIOS DO BRASIL LTDA', 123456789000105, 12345434225, 'XPTO_VETERINARIOS@XPTOVETERINARIOS.COM', '123456');

COMMIT;
-- EX 13
--TABELA ADVOGADO
INSERT INTO T_AM_ART_ADVOGADO
(CD_ADVOGADO, NR_OAB, NR_CPF, NR_RG, DS_EMAIL, DS_PASSWORD)
VALUES(1, 12345, 12345678900, 1234567890, 'MARIA_FLORES@HOTMAIL.COM', '123456');

INSERT INTO T_AM_ART_ADVOGADO
(CD_ADVOGADO, NR_OAB, NR_CPF, NR_RG, DS_EMAIL, DS_PASSWORD)
VALUES(2, 23456, 34567890123, 3456789887, 'JOAO_ROSA@HOTMAIL.COM', '123456');

INSERT INTO T_AM_ART_ADVOGADO
(CD_ADVOGADO, NR_OAB, NR_CPF, NR_RG, DS_EMAIL, DS_PASSWORD)
VALUES(3, 34567, 56789012345, 3245672233, 'GUSMAO_ARRUDA@HOTMAIL.COM', '123456');

INSERT INTO T_AM_ART_ADVOGADO
(CD_ADVOGADO, NR_OAB, NR_CPF, NR_RG, DS_EMAIL, DS_PASSWORD)
VALUES(4, 45678, 78901234567, 8725365429, 'PEDRO_JORGE@HOTMAIL.COM', '123456');

INSERT INTO T_AM_ART_ADVOGADO
(CD_ADVOGADO, NR_OAB, NR_CPF, NR_RG, DS_EMAIL, DS_PASSWORD)
VALUES(5, 56789, 90123456789, 8726534627, 'CARLOS_BRANCO@HOTMAIL.COM', '123456');

COMMIT;
-- EX 14
-- TABELA HORA ADVOGADO
INSERT INTO T_AM_ART_HORA_ADVOGADO
(CD_ADVOGADO, CD_HIST_HORA, DT_VIGENCIA, VL_HORA)
VALUES(1, 1, TO_DATE('01/01/2013', 'DD/MM/YYYY'), 60.45);

INSERT INTO T_AM_ART_HORA_ADVOGADO
(CD_ADVOGADO, CD_HIST_HORA, DT_VIGENCIA, VL_HORA)
VALUES(1, 2, TO_DATE('01/02/2013', 'DD/MM/YYYY'), 61.05);

INSERT INTO T_AM_ART_HORA_ADVOGADO
(CD_ADVOGADO, CD_HIST_HORA, DT_VIGENCIA, VL_HORA)
VALUES(1, 3, TO_DATE('01/03/2013', 'DD/MM/YYYY'), 62.3);

INSERT INTO T_AM_ART_HORA_ADVOGADO
(CD_ADVOGADO, CD_HIST_HORA, DT_VIGENCIA, VL_HORA)
VALUES(1, 4, TO_DATE('01/04/2013', 'DD/MM/YYYY'), 62.8);

INSERT INTO T_AM_ART_HORA_ADVOGADO
(CD_ADVOGADO, CD_HIST_HORA, DT_VIGENCIA, VL_HORA)
VALUES(1, 5, TO_DATE('01/05/2013', 'DD/MM/YYYY'), 63.1);

INSERT INTO T_AM_ART_HORA_ADVOGADO
(CD_ADVOGADO, CD_HIST_HORA, DT_VIGENCIA, VL_HORA)
VALUES(1, 6, TO_DATE('01/06/2013', 'DD/MM/YYYY'), 63.9);

INSERT INTO T_AM_ART_HORA_ADVOGADO
(CD_ADVOGADO, CD_HIST_HORA, DT_VIGENCIA, VL_HORA)
VALUES(1, 7, TO_DATE('01/07/2013', 'DD/MM/YYYY'), 64);

INSERT INTO T_AM_ART_HORA_ADVOGADO
(CD_ADVOGADO, CD_HIST_HORA, DT_VIGENCIA, VL_HORA)
VALUES(1, 8, TO_DATE('01/08/2013', 'DD/MM/YYYY'), 64.5);

INSERT INTO T_AM_ART_HORA_ADVOGADO
(CD_ADVOGADO, CD_HIST_HORA, DT_VIGENCIA, VL_HORA)
VALUES(1, 9, TO_DATE('01/09/2013', 'DD/MM/YYYY'), 64.95);

INSERT INTO T_AM_ART_HORA_ADVOGADO
(CD_ADVOGADO, CD_HIST_HORA, DT_VIGENCIA, VL_HORA)
VALUES(1, 10, TO_DATE('01/10/2013', 'DD/MM/YYYY'), 65);

INSERT INTO T_AM_ART_HORA_ADVOGADO
(CD_ADVOGADO, CD_HIST_HORA, DT_VIGENCIA, VL_HORA)
VALUES(1, 11, TO_DATE('01/11/2013', 'DD/MM/YYYY'), 65.2);

INSERT INTO T_AM_ART_HORA_ADVOGADO
(CD_ADVOGADO, CD_HIST_HORA, DT_VIGENCIA, VL_HORA)
VALUES(2, 1, TO_DATE('01/01/2013', 'DD/MM/YYYY'), 55);

INSERT INTO T_AM_ART_HORA_ADVOGADO
(CD_ADVOGADO, CD_HIST_HORA, DT_VIGENCIA, VL_HORA)
VALUES(2, 2, TO_DATE('01/02/2013', 'DD/MM/YYYY'), 56.3);

INSERT INTO T_AM_ART_HORA_ADVOGADO
(CD_ADVOGADO, CD_HIST_HORA, DT_VIGENCIA, VL_HORA)
VALUES(2, 3, TO_DATE('01/03/2013', 'DD/MM/YYYY'), 56.7);

INSERT INTO T_AM_ART_HORA_ADVOGADO
(CD_ADVOGADO, CD_HIST_HORA, DT_VIGENCIA, VL_HORA)
VALUES(2, 4, TO_DATE('01/04/2013', 'DD/MM/YYYY'), 56.9);

INSERT INTO T_AM_ART_HORA_ADVOGADO
(CD_ADVOGADO, CD_HIST_HORA, DT_VIGENCIA, VL_HORA)
VALUES(2, 5, TO_DATE('01/05/2013', 'DD/MM/YYYY'), 57);

INSERT INTO T_AM_ART_HORA_ADVOGADO
(CD_ADVOGADO, CD_HIST_HORA, DT_VIGENCIA, VL_HORA)
VALUES(2, 6, TO_DATE('01/06/2013', 'DD/MM/YYYY'), 57.4);

INSERT INTO T_AM_ART_HORA_ADVOGADO
(CD_ADVOGADO, CD_HIST_HORA, DT_VIGENCIA, VL_HORA)
VALUES(2, 7, TO_DATE('01/07/2013', 'DD/MM/YYYY'), 57.8);

INSERT INTO T_AM_ART_HORA_ADVOGADO
(CD_ADVOGADO, CD_HIST_HORA, DT_VIGENCIA, VL_HORA)
VALUES(2, 8, TO_DATE('01/08/2013', 'DD/MM/YYYY'), 58.1);

INSERT INTO T_AM_ART_HORA_ADVOGADO
(CD_ADVOGADO, CD_HIST_HORA, DT_VIGENCIA, VL_HORA)
VALUES(2, 9, TO_DATE('01/09/2013', 'DD/MM/YYYY'), 58.5);

INSERT INTO T_AM_ART_HORA_ADVOGADO
(CD_ADVOGADO, CD_HIST_HORA, DT_VIGENCIA, VL_HORA)
VALUES(2, 10, TO_DATE('01/10/2013', 'DD/MM/YYYY'), 58.9);

INSERT INTO T_AM_ART_HORA_ADVOGADO
(CD_ADVOGADO, CD_HIST_HORA, DT_VIGENCIA, VL_HORA)
VALUES(2, 11, TO_DATE('01/11/2013', 'DD/MM/YYYY'), 59);

INSERT INTO T_AM_ART_HORA_ADVOGADO
(CD_ADVOGADO, CD_HIST_HORA, DT_VIGENCIA, VL_HORA)
VALUES(3, 1, TO_DATE('01/01/2013', 'DD/MM/YYYY'), 60);

INSERT INTO T_AM_ART_HORA_ADVOGADO
(CD_ADVOGADO, CD_HIST_HORA, DT_VIGENCIA, VL_HORA)
VALUES(3, 2, TO_DATE('01/02/2013', 'DD/MM/YYYY'), 61);

INSERT INTO T_AM_ART_HORA_ADVOGADO
(CD_ADVOGADO, CD_HIST_HORA, DT_VIGENCIA, VL_HORA)
VALUES(3, 3, TO_DATE('01/03/2013', 'DD/MM/YYYY'), 62);

INSERT INTO T_AM_ART_HORA_ADVOGADO
(CD_ADVOGADO, CD_HIST_HORA, DT_VIGENCIA, VL_HORA)
VALUES(3, 4, TO_DATE('01/04/2013', 'DD/MM/YYYY'), 63);

INSERT INTO T_AM_ART_HORA_ADVOGADO
(CD_ADVOGADO, CD_HIST_HORA, DT_VIGENCIA, VL_HORA)
VALUES(3, 5, TO_DATE('01/05/2013', 'DD/MM/YYYY'), 64);

INSERT INTO T_AM_ART_HORA_ADVOGADO
(CD_ADVOGADO, CD_HIST_HORA, DT_VIGENCIA, VL_HORA)
VALUES(3, 6, TO_DATE('01/06/2013', 'DD/MM/YYYY'), 65);

INSERT INTO T_AM_ART_HORA_ADVOGADO
(CD_ADVOGADO, CD_HIST_HORA, DT_VIGENCIA, VL_HORA)
VALUES(3, 7, TO_DATE('01/07/2013', 'DD/MM/YYYY'), 66);

INSERT INTO T_AM_ART_HORA_ADVOGADO
(CD_ADVOGADO, CD_HIST_HORA, DT_VIGENCIA, VL_HORA)
VALUES(3, 8, TO_DATE('01/08/2013', 'DD/MM/YYYY'), 67);

INSERT INTO T_AM_ART_HORA_ADVOGADO
(CD_ADVOGADO, CD_HIST_HORA, DT_VIGENCIA, VL_HORA)
VALUES(3, 9, TO_DATE('01/09/2013', 'DD/MM/YYYY'), 68);

INSERT INTO T_AM_ART_HORA_ADVOGADO
(CD_ADVOGADO, CD_HIST_HORA, DT_VIGENCIA, VL_HORA)
VALUES(3, 10, TO_DATE('01/10/2013', 'DD/MM/YYYY'), 69);

INSERT INTO T_AM_ART_HORA_ADVOGADO
(CD_ADVOGADO, CD_HIST_HORA, DT_VIGENCIA, VL_HORA)
VALUES(3, 11, TO_DATE('01/11/2013', 'DD/MM/YYYY'), 70);

INSERT INTO T_AM_ART_HORA_ADVOGADO
(CD_ADVOGADO, CD_HIST_HORA, DT_VIGENCIA, VL_HORA)
VALUES(4, 1, TO_DATE('01/01/2013', 'DD/MM/YYYY'), 71);

INSERT INTO T_AM_ART_HORA_ADVOGADO
(CD_ADVOGADO, CD_HIST_HORA, DT_VIGENCIA, VL_HORA)
VALUES(4, 2, TO_DATE('01/02/2013', 'DD/MM/YYYY'), 72);

INSERT INTO T_AM_ART_HORA_ADVOGADO
(CD_ADVOGADO, CD_HIST_HORA, DT_VIGENCIA, VL_HORA)
VALUES(4, 3, TO_DATE('01/03/2013', 'DD/MM/YYYY'), 73);

INSERT INTO T_AM_ART_HORA_ADVOGADO
(CD_ADVOGADO, CD_HIST_HORA, DT_VIGENCIA, VL_HORA)
VALUES(4, 4, TO_DATE('01/04/2013', 'DD/MM/YYYY'), 74);

INSERT INTO T_AM_ART_HORA_ADVOGADO
(CD_ADVOGADO, CD_HIST_HORA, DT_VIGENCIA, VL_HORA)
VALUES(4, 5, TO_DATE('01/05/2013', 'DD/MM/YYYY'), 75);

INSERT INTO T_AM_ART_HORA_ADVOGADO
(CD_ADVOGADO, CD_HIST_HORA, DT_VIGENCIA, VL_HORA)
VALUES(4, 6, TO_DATE('01/06/2013', 'DD/MM/YYYY'), 76);

INSERT INTO T_AM_ART_HORA_ADVOGADO
(CD_ADVOGADO, CD_HIST_HORA, DT_VIGENCIA, VL_HORA)
VALUES(4, 7, TO_DATE('01/07/2013', 'DD/MM/YYYY'), 77);

INSERT INTO T_AM_ART_HORA_ADVOGADO
(CD_ADVOGADO, CD_HIST_HORA, DT_VIGENCIA, VL_HORA)
VALUES(4, 8, TO_DATE('01/08/2013', 'DD/MM/YYYY'), 78);

INSERT INTO T_AM_ART_HORA_ADVOGADO
(CD_ADVOGADO, CD_HIST_HORA, DT_VIGENCIA, VL_HORA)
VALUES(4, 9, TO_DATE('01/09/2013', 'DD/MM/YYYY'), 79);

INSERT INTO T_AM_ART_HORA_ADVOGADO
(CD_ADVOGADO, CD_HIST_HORA, DT_VIGENCIA, VL_HORA)
VALUES(4, 10, TO_DATE('01/10/2013', 'DD/MM/YYYY'), 80);

INSERT INTO T_AM_ART_HORA_ADVOGADO
(CD_ADVOGADO, CD_HIST_HORA, DT_VIGENCIA, VL_HORA)
VALUES(4, 11, TO_DATE('01/11/2013', 'DD/MM/YYYY'), 81);

INSERT INTO T_AM_ART_HORA_ADVOGADO
(CD_ADVOGADO, CD_HIST_HORA, DT_VIGENCIA, VL_HORA)
VALUES(5, 1, TO_DATE('01/01/2013', 'DD/MM/YYYY'), 82);

INSERT INTO T_AM_ART_HORA_ADVOGADO
(CD_ADVOGADO, CD_HIST_HORA, DT_VIGENCIA, VL_HORA)
VALUES(5, 2, TO_DATE('01/02/2013', 'DD/MM/YYYY'), 83);

INSERT INTO T_AM_ART_HORA_ADVOGADO
(CD_ADVOGADO, CD_HIST_HORA, DT_VIGENCIA, VL_HORA)
VALUES(5, 3, TO_DATE('01/03/2013', 'DD/MM/YYYY'), 84);

INSERT INTO T_AM_ART_HORA_ADVOGADO
(CD_ADVOGADO, CD_HIST_HORA, DT_VIGENCIA, VL_HORA)
VALUES(5, 4, TO_DATE('01/04/2013', 'DD/MM/YYYY'), 85);

INSERT INTO T_AM_ART_HORA_ADVOGADO
(CD_ADVOGADO, CD_HIST_HORA, DT_VIGENCIA, VL_HORA)
VALUES(5, 5, TO_DATE('01/05/2013', 'DD/MM/YYYY'), 86);

INSERT INTO T_AM_ART_HORA_ADVOGADO
(CD_ADVOGADO, CD_HIST_HORA, DT_VIGENCIA, VL_HORA)
VALUES(5, 6, TO_DATE('01/06/2013', 'DD/MM/YYYY'), 87);

INSERT INTO T_AM_ART_HORA_ADVOGADO
(CD_ADVOGADO, CD_HIST_HORA, DT_VIGENCIA, VL_HORA)
VALUES(5, 7, TO_DATE('01/07/2013', 'DD/MM/YYYY'), 88);

INSERT INTO T_AM_ART_HORA_ADVOGADO
(CD_ADVOGADO, CD_HIST_HORA, DT_VIGENCIA, VL_HORA)
VALUES(5, 8, TO_DATE('01/08/2013', 'DD/MM/YYYY'), 89);

INSERT INTO T_AM_ART_HORA_ADVOGADO
(CD_ADVOGADO, CD_HIST_HORA, DT_VIGENCIA, VL_HORA)
VALUES(5, 9, TO_DATE('01/09/2013', 'DD/MM/YYYY'), 90);

INSERT INTO T_AM_ART_HORA_ADVOGADO
(CD_ADVOGADO, CD_HIST_HORA, DT_VIGENCIA, VL_HORA)
VALUES(5, 10, TO_DATE('01/10/2013', 'DD/MM/YYYY'), 91);

INSERT INTO T_AM_ART_HORA_ADVOGADO
(CD_ADVOGADO, CD_HIST_HORA, DT_VIGENCIA, VL_HORA)
VALUES(5, 11, TO_DATE('01/11/2013', 'DD/MM/YYYY'), 92);

COMMIT;

-- OBJETIVO: INSERIR E VERIFICAR OS DADOS INSERIDOS
-- AUTOR: MATHEUS TAVARES
-- DATA: 26/09/2016
-- HORA: 09:47

-- 15) TABELA TIPO_CAUSA
SELECT * FROM T_AM_ART_TIPO_CAUSA;

INSERT INTO T_AM_ART_TIPO_CAUSA(CD_CAUSA, DS_CAUSA)
VALUES (SQ_AM_ART_TIPO_CAUSA.NEXTVAL, 'COMERCIAL');

INSERT INTO T_AM_ART_TIPO_CAUSA
VALUES (SQ_AM_ART_TIPO_CAUSA.NEXTVAL, 'TRABALHISTA');

INSERT INTO T_AM_ART_TIPO_CAUSA
VALUES(SQ_AM_ART_TIPO_CAUSA.NEXTVAL, 'TRIBUTÁRIA');

-- 16) TABELA: ESPECIALIDADE
SELECT * FROM T_AM_ART_ESPECIALIDADE
ORDER BY CD_ADVOGADO, CD_CAUSA;

INSERT INTO T_AM_ART_ESPECIALIDADE (CD_ADVOGADO, CD_CAUSA)
VALUES(1, 1);

INSERT INTO T_AM_ART_ESPECIALIDADE
VALUES(1, 2);

INSERT INTO T_AM_ART_ESPECIALIDADE
VALUES(1, 3);

INSERT INTO T_AM_ART_ESPECIALIDADE
VALUES(2, 1);

INSERT INTO T_AM_ART_ESPECIALIDADE
VALUES(2, 2);

INSERT INTO T_AM_ART_ESPECIALIDADE
VALUES(2, 3);

INSERT INTO T_AM_ART_ESPECIALIDADE
VALUES(3, 1);

INSERT INTO T_AM_ART_ESPECIALIDADE
VALUES(3, 2);

INSERT INTO T_AM_ART_ESPECIALIDADE
VALUES(3, 3);

INSERT INTO T_AM_ART_ESPECIALIDADE
VALUES(4, 1);

INSERT INTO T_AM_ART_ESPECIALIDADE
VALUES(4, 2);

INSERT INTO T_AM_ART_ESPECIALIDADE
VALUES(5, 1);

INSERT INTO T_AM_ART_ESPECIALIDADE
VALUES(5, 2);

COMMIT;

-- 17) TABELA: TIPO_DESPESA
SELECT * FROM T_AM_ART_TIPO_DESPESA
ORDER BY CD_TIPO_DESPESA;

INSERT INTO T_AM_ART_TIPO_DESPESA(CD_TIPO_DESPESA, DS_TIPO_DESPESA)
VALUES(SQ_AM_ART_TIPO_DESPESA.NEXTVAL, 'XEROX');

INSERT INTO T_AM_ART_TIPO_DESPESA
VALUES(SQ_AM_ART_TIPO_DESPESA.NEXTVAL, 'DECLARAÇÃO');

INSERT INTO T_AM_ART_TIPO_DESPESA
VALUES(SQ_AM_ART_TIPO_DESPESA.NEXTVAL, 'AUTENTICAÇÃO');

INSERT INTO T_AM_ART_TIPO_DESPESA
VALUES(SQ_AM_ART_TIPO_DESPESA.NEXTVAL, 'PASSAGEM AÉREA');

INSERT INTO T_AM_ART_TIPO_DESPESA
VALUES(SQ_AM_ART_TIPO_DESPESA.NEXTVAL, 'DIÁRIA DE VIAGEM');

INSERT INTO T_AM_ART_TIPO_DESPESA
VALUES(SQ_AM_ART_TIPO_DESPESA.NEXTVAL, 'OUTROS');

COMMIT;

-- 18) TABELA: TIPO_TAREFA

SELECT * FROM T_AM_ART_TIPO_TAREFA
ORDER BY CD_TIPO_TAREFA;

INSERT INTO T_AM_ART_TIPO_TAREFA(CD_TIPO_TAREFA, DS_TIPO_TAREFA)
VALUES(SQ_AM_ART_TIPO_TAREFA.NEXTVAL, 'REUNIÃO');

INSERT INTO T_AM_ART_TIPO_TAREFA
VALUES(SQ_AM_ART_TIPO_TAREFA.NEXTVAL, 'AUDIÊNCIA');

INSERT INTO T_AM_ART_TIPO_TAREFA
VALUES(SQ_AM_ART_TIPO_TAREFA.NEXTVAL, 'ESTUDO DO PROCESSO');

INSERT INTO T_AM_ART_TIPO_TAREFA
VALUES(SQ_AM_ART_TIPO_TAREFA.NEXTVAL, 'OUTROS');

COMMIT;

-- 19) TABELA: HISTORICO_TAXA
SELECT * FROM T_AM_ART_HIST_TAXA
ORDER BY DT_VIGENCIA;

INSERT INTO T_AM_ART_HIST_TAXA(CD_TAXA, DT_VIGENCIA, VL_TAXA_ADM, VL_TAXA_JUROS, 
                               VL_MORA_DIARIA)
VALUES(SQ_AM_ART_HIST_TAXA.NEXTVAL, TO_DATE('01/01/2013', 'DD/MM/YYYY'),
       7.8, 1.9, 0.9);
       
INSERT INTO T_AM_ART_HIST_TAXA
VALUES(SQ_AM_ART_HIST_TAXA.NEXTVAL, TO_DATE('01/02/2013', 'DD/MM/YYYY'),
       8.1, 1.95, 0.95);
       
INSERT INTO T_AM_ART_HIST_TAXA
VALUES(SQ_AM_ART_HIST_TAXA.NEXTVAL, TO_DATE('01/03/2013', 'DD/MM/YYYY'),
       8.3, 1.98, 0.98);

INSERT INTO T_AM_ART_HIST_TAXA
VALUES(SQ_AM_ART_HIST_TAXA.NEXTVAL, TO_DATE('01/04/2013', 'DD/MM/YYYY'),
       8.9, 2, 1);
       
INSERT INTO T_AM_ART_HIST_TAXA
VALUES(SQ_AM_ART_HIST_TAXA.NEXTVAL, TO_DATE('01/05/2013', 'DD/MM/YYYY'),
       9.2, 2.15, 1.1);

INSERT INTO T_AM_ART_HIST_TAXA
VALUES(SQ_AM_ART_HIST_TAXA.NEXTVAL, TO_DATE('01/06/2013', 'DD/MM/YYYY'),
      9.7, 1.5, 1.2);

INSERT INTO T_AM_ART_HIST_TAXA
VALUES(SQ_AM_ART_HIST_TAXA.NEXTVAL, TO_DATE('01/07/2013', 'DD/MM/YYYY'),
       10.3, 1.7, 1.3);
       
INSERT INTO T_AM_ART_HIST_TAXA
VALUES(SQ_AM_ART_HIST_TAXA.NEXTVAL, TO_DATE('01/08/2013', 'DD/MM/YYYY'),
       11.5, 1.8, 1);
       
INSERT INTO T_AM_ART_HIST_TAXA
VALUES(SQ_AM_ART_HIST_TAXA.NEXTVAL, TO_DATE('01/09/2013', 'DD/MM/YYYY'),
       11.8, 2.4, 0.98);

INSERT INTO T_AM_ART_HIST_TAXA
VALUES(SQ_AM_ART_HIST_TAXA.NEXTVAL, TO_DATE('01/10/2013', 'DD/MM/YYYY'),
       12.2, 2.1, 0.95);

INSERT INTO T_AM_ART_HIST_TAXA
VALUES(SQ_AM_ART_HIST_TAXA.NEXTVAL, TO_DATE('01/11/2013', 'DD/MM/YYYY'),
       13, 2.2, 0.93);
       
COMMIT;

-- 20) TABELA: PROCESSO

INSERT INTO T_AM_ART_PROCESSO(NR_PROCESSO, CD_ADVOGADO, CD_CLIENTE,
                              CD_CAUSA, CD_FORUM, DS_PROCESSO, DT_ABERTURA,
                              DT_FECHAMENTO, DT_DIA_VENCIMENTO, NR_RESULTADO,
                              NR_SITUACAO, DS_OBSERVACAO)
VALUES(SQ_AM_ART_PROCESSO.NEXTVAL, 1, 6, 2, 11, 
       'PROCESSO TRABALHISTA - INDENIZAÇÃO POR DANO MORAL',
       TO_DATE('20/01/2013','DD/MM/YYYY'), NULL, 10, NULL, 2,
       NULL);

INSERT INTO T_AM_ART_PROCESSO
VALUES(SQ_AM_ART_PROCESSO.NEXTVAL, 1, 6, 1, 11, 
       'PROCESSO COMERCIAL - DISSOLUÇÃO DE SOCIEDADE',
       TO_DATE('25/02/2013','DD/MM/YYYY'), NULL, 15, NULL,
       2, NULL);

INSERT INTO T_AM_ART_PROCESSO
VALUES(SQ_AM_ART_PROCESSO.NEXTVAL, 2, 6, 3, 12,
       'PROCESSO TRIBUTÁRIO - EXECUÇÃO FISCAL', 
       TO_DATE('15/03/2013','DD/MM/YYYY'), NULL, 10, NULL,
       2, NULL);

INSERT INTO T_AM_ART_PROCESSO
VALUES(SQ_AM_ART_PROCESSO.NEXTVAL, 4, 6, 2, 14,
       'PROCESSO TRABALHISTA - INDENIZAÇÃO POR DANOS MATERIAIS',
       TO_DATE('21/04/2013','DD/MM/YYYY'), NULL, 23, NULL,
       2, NULL);

INSERT INTO T_AM_ART_PROCESSO
VALUES(SQ_AM_ART_PROCESSO.NEXTVAL, 5, 6, 1, 15,
       'PROCESSO COMERCIAL - EXCLUSÃO DE SÓCIO',
       TO_DATE('15/05/2013','DD/MM/YYYY'), NULL, 17, NULL,
       2, NULL);

INSERT INTO T_AM_ART_PROCESSO
VALUES(SQ_AM_ART_PROCESSO.NEXTVAL, 2, 7, 1, 13,
       'PROCESSO COMERCIAL - PRESTAÇÃO DE CONTAS',
       TO_DATE('13/06/2015','DD/MM/YYYY'), NULL, 18, NULL,
       2, NULL);
       
INSERT INTO T_AM_ART_PROCESSO
VALUES(SQ_AM_ART_PROCESSO.NEXTVAL, 2, 7, 1, 12,
       'PROCESSO COMERCIAL - DISSOLUÇÃO DE SOCIEDADE',
       TO_DATE('15/07/2013','DD/MM/YYYY'), NULL, 13, NULL,
       2, NULL);
       
INSERT INTO T_AM_ART_PROCESSO
VALUES(SQ_AM_ART_PROCESSO.NEXTVAL, 3, 7, 3, 13,
       'PROCESSO TRIBUTÁRIO - REPETIÇÃO DE INDÉBITO',
       TO_DATE('28/08/2013','DD/MM/YYYY'), NULL, 05, NULL,
       2, NULL);

INSERT INTO T_AM_ART_PROCESSO
VALUES(SQ_AM_ART_PROCESSO.NEXTVAL, 4, 7, 1, 11,
       'PROCESSO COMERCIAL - PRESTAÇÃO DE CONTAS',
       TO_DATE('27/09/2013','DD/MM/YYYY'), NULL, 10, NULL,
       2, NULL);
       
INSERT INTO T_AM_ART_PROCESSO
VALUES(SQ_AM_ART_PROCESSO.NEXTVAL, 3, 7, 3, 12,
       'PROCESSO TRABALHISTA - EXECUÇÃO FISCAL',
       TO_DATE('15/10/2013','DD/MM/YYYY'), NULL, 15, NULL,
       2, NULL);

INSERT INTO T_AM_ART_PROCESSO
VALUES(SQ_AM_ART_PROCESSO.NEXTVAL, 5, 8, 1, 11,
       'PROCESSO COMERCIAL - EXCLUSÃO DE SÓCIO', 
       TO_DATE('16/11/2013','DD/MM/YYYY'),NULL, 18, NULL,
       2, NULL);
      
INSERT INTO T_AM_ART_PROCESSO
VALUES(SQ_AM_ART_PROCESSO.NEXTVAL, 5, 8, 1, 11,
       'PROCESSO COMERCIAL - EXCLUSÃO DE SÓCIO',
       TO_DATE('17/01/2013','DD/MM/YYYY'), NULL, 25, NULL,
       2, NULL);

INSERT INTO T_AM_ART_PROCESSO
VALUES(SQ_AM_ART_PROCESSO.NEXTVAL, 5, 8, 2, 11,
       'PROCESSO TRABALHISTA - FÉRIAS',
       TO_DATE('28/02/2013','DD/MM/YYYY'), NULL, 28, NULL,
       2, NULL);
       
INSERT INTO T_AM_ART_PROCESSO
VALUES(SQ_AM_ART_PROCESSO.NEXTVAL, 4, 8, 2, 11,
       'PROCESSO TRABALHISTA - SEGURO DESEMPREGO', 
       TO_DATE('25/03/2013','DD/MM/YYYY'), NULL, 15, NULL,
       2, NULL);
       
INSERT INTO T_AM_ART_PROCESSO
VALUES(SQ_AM_ART_PROCESSO.NEXTVAL, 4, 8, 2, 12,
       'PROCESSO TRABALHISTA - DÉCIMO TERCEIRO SALÁRIO',
       TO_DATE('14/04/2013','DD/MM/YYYY'), NULL, 05, NULL,
       2, NULL);

INSERT INTO T_AM_ART_PROCESSO
VALUES(SQ_AM_ART_PROCESSO.NEXTVAL, 3, 9, 2, 13,
       'PROCESSO TRABALHISTA - SEGURO DESEMPREGO',
       TO_DATE('28/05/2013','DD/MM/YYYY'), NULL, 08, NULL,
       2, NULL);
       
INSERT INTO T_AM_ART_PROCESSO
VALUES(SQ_AM_ART_PROCESSO.NEXTVAL, 3, 9, 1, 15,
       'PROCESSO COMERCIAL - DISSOLUÇÃO DE SOCIEDADE',
       TO_DATE('21/06/2013','DD/MM/YYYY'), NULL, 16, NULL,
       2, NULL);
       
INSERT INTO T_AM_ART_PROCESSO
VALUES(SQ_AM_ART_PROCESSO.NEXTVAL, 3, 9, 2, 15,
       'PROCESSO TRABALHISTA - INDENIZAÇÃO POR DANO MATERIAL',
       TO_DATE('03/07/2013','DD/MM/YYYY'), NULL, 20, NULL,
       2, NULL);
       
INSERT INTO T_AM_ART_PROCESSO
VALUES(SQ_AM_ART_PROCESSO.NEXTVAL, 3, 9, 3, 13,
       'PROCESSO TRIBUTÁRIO - EXECUÇÃO FISCAL',
       TO_DATE('22/08/2013','DD/MM/YYYY'), NULL, 15, NULL,
       2, NULL);
       
INSERT INTO T_AM_ART_PROCESSO
VALUES(SQ_AM_ART_PROCESSO.NEXTVAL, 2, 9, 3, 13,
       'PROCESSO TRIBUTÁRIO - REPETIÇÃO DE INDÉBITO',
       TO_DATE('18/09/2013','DD/MM/YYYY'), NULL, 18, NULL,
       2, NULL);
       
INSERT INTO T_AM_ART_PROCESSO
VALUES(SQ_AM_ART_PROCESSO.NEXTVAL, 1, 10, 1, 15,
       'PROCESSO COMERCIAL - DISSOLUÇÃO DE SOCIEDADE', 
       TO_DATE('22/10/2013','DD/MM/YYYY'), NULL, 20, NULL,
       2, NULL);
       
INSERT INTO T_AM_ART_PROCESSO
VALUES(SQ_AM_ART_PROCESSO.NEXTVAL, 1, 10, 1, 15,
       'PROCESSO COMERCIAL - EXCLUSÃO DE SÓCIO',
       TO_DATE('15/11/2013','DD/MM/YYYY'), NULL, 25, NULL,
       2, NULL);

INSERT INTO T_AM_ART_PROCESSO
VALUES(SQ_AM_ART_PROCESSO.NEXTVAL, 1, 10, 1, 15,
       'PROCESSO COMERCIAL - EXCLUSÃO DE SÓCIO', 
       TO_DATE('23/01/2013','DD/MM/YYYY'), NULL, 25, NULL,
       2, NULL);

INSERT INTO T_AM_ART_PROCESSO
VALUES(SQ_AM_ART_PROCESSO.NEXTVAL, 2, 10, 3, 14, 
       'PROCESSO TRIBUTÁRIO - EXECUÇÃO FISCAL',
       TO_DATE('25/02/2013','DD/MM/YYYY'), NULL, 19, NULL,
       2, NULL);
       
INSERT INTO T_AM_ART_PROCESSO
VALUES(SQ_AM_ART_PROCESSO.NEXTVAL, 1, 10, 3, 13,
       'PROCESSO TRIBUTÁRIO - REPETIÇÃO DE INDÉBITO',
       TO_DATE('24/03/2013','DD/MM/YYYY'), NULL, 20, NULL,
       2, NULL);
       
SELECT * FROM T_AM_ART_PROCESSO
ORDER BY CD_CLIENTE;
COMMIT;

SELECT * FROM T_AM_ART_PESSOA;
SELECT * FROM T_AM_ART_ADVOGADO;
SELECT * FROM T_AM_ART_FORUM;
SELECT * FROM T_AM_ART_CLIENTE;
SELECT * FROM T_AM_ART_TIPO_CAUSA;
SELECT * FROM T_AM_ART_ESPECIALIDADE;

-- 21) TABELA: HIST_PROC_TX
-- TEM QUE SER FEITO PARA TODOS OS PROCESSOS AS DATAS DE VENCIMENTO

INSERT INTO T_AM_ART_HIST_PROC_TX
VALUES(1, 1, TO_DATE('31/01/2013','DD/MM/YYYY'));

INSERT INTO T_AM_ART_HIST_PROC_TX
VALUES(1, 2, TO_DATE('28/02/2013','DD/MM/YYYY'));

INSERT INTO T_AM_ART_HIST_PROC_TX
VALUES(1, 3, TO_DATE('31/03/2013','DD/MM/YYYY'));

INSERT INTO T_AM_ART_HIST_PROC_TX
VALUES(1, 4, TO_DATE('30/04/2013','DD/MM/YYYY'));

INSERT INTO T_AM_ART_HIST_PROC_TX
VALUES(1, 5, TO_DATE('31/05/2013','DD/MM/YYYY'));

INSERT INTO T_AM_ART_HIST_PROC_TX
VALUES(1, 6, TO_DATE('30/06/2013','DD/MM/YYYY'));

INSERT INTO T_AM_ART_HIST_PROC_TX
VALUES(1, 7, TO_DATE('31/07/2013','DD/MM/YYYY'));

INSERT INTO T_AM_ART_HIST_PROC_TX
VALUES(1, 8, TO_DATE('31/08/2013','DD/MM/YYYY'));

INSERT INTO T_AM_ART_HIST_PROC_TX
VALUES(1, 9, TO_DATE('30/09/2013','DD/MM/YYYY'));

INSERT INTO T_AM_ART_HIST_PROC_TX
VALUES(1, 10, TO_DATE('31/10/2013','DD/MM/YYYY'));

INSERT INTO T_AM_ART_HIST_PROC_TX
VALUES(1, 11, TO_DATE('30/11/2013','DD/MM/YYYY'));

INSERT INTO T_AM_ART_HIST_PROC_TX
VALUES(2, 1, TO_DATE('31/01/2013','DD/MM/YYYY'));

INSERT INTO T_AM_ART_HIST_PROC_TX
VALUES(2, 2, TO_DATE('28/02/2013','DD/MM/YYYY'));

INSERT INTO T_AM_ART_HIST_PROC_TX
VALUES(2, 3, TO_DATE('31/03/2013','DD/MM/YYYY'));

INSERT INTO T_AM_ART_HIST_PROC_TX
VALUES(2, 4, TO_DATE('30/04/2013','DD/MM/YYYY'));

INSERT INTO T_AM_ART_HIST_PROC_TX
VALUES(2, 5, TO_DATE('31/05/2013','DD/MM/YYYY'));

INSERT INTO T_AM_ART_HIST_PROC_TX
VALUES(2, 6, TO_DATE('30/06/2013','DD/MM/YYYY'));

INSERT INTO T_AM_ART_HIST_PROC_TX
VALUES(2, 7, TO_DATE('31/07/2013','DD/MM/YYYY'));

INSERT INTO T_AM_ART_HIST_PROC_TX
VALUES(2, 8, TO_DATE('31/08/2013','DD/MM/YYYY'));

INSERT INTO T_AM_ART_HIST_PROC_TX
VALUES(2, 9, TO_DATE('30/09/2013','DD/MM/YYYY'));

INSERT INTO T_AM_ART_HIST_PROC_TX
VALUES(2, 10, TO_DATE('31/10/2013','DD/MM/YYYY'));

INSERT INTO T_AM_ART_HIST_PROC_TX
VALUES(2, 11, TO_DATE('30/11/2013','DD/MM/YYYY'));

INSERT INTO T_AM_ART_HIST_PROC_TX
VALUES(3, 1, TO_DATE('31/01/2013','DD/MM/YYYY'));

INSERT INTO T_AM_ART_HIST_PROC_TX
VALUES(3, 2, TO_DATE('28/02/2013','DD/MM/YYYY'));

INSERT INTO T_AM_ART_HIST_PROC_TX
VALUES(3, 3, TO_DATE('31/03/2013','DD/MM/YYYY'));

INSERT INTO T_AM_ART_HIST_PROC_TX
VALUES(3, 4, TO_DATE('30/04/2013','DD/MM/YYYY'));

INSERT INTO T_AM_ART_HIST_PROC_TX
VALUES(3, 5, TO_DATE('31/05/2013','DD/MM/YYYY'));

INSERT INTO T_AM_ART_HIST_PROC_TX
VALUES(3, 6, TO_DATE('30/06/2013','DD/MM/YYYY'));

INSERT INTO T_AM_ART_HIST_PROC_TX
VALUES(3, 7, TO_DATE('31/07/2013','DD/MM/YYYY'));

INSERT INTO T_AM_ART_HIST_PROC_TX
VALUES(3, 8, TO_DATE('31/08/2013','DD/MM/YYYY'));

INSERT INTO T_AM_ART_HIST_PROC_TX
VALUES(3, 9, TO_DATE('30/09/2013','DD/MM/YYYY'));

INSERT INTO T_AM_ART_HIST_PROC_TX
VALUES(3, 10, TO_DATE('31/10/2013','DD/MM/YYYY'));

INSERT INTO T_AM_ART_HIST_PROC_TX
VALUES(3, 11, TO_DATE('30/11/2013','DD/MM/YYYY'));

INSERT INTO T_AM_ART_HIST_PROC_TX
VALUES(4, 1, TO_DATE('31/01/2013','DD/MM/YYYY'));

INSERT INTO T_AM_ART_HIST_PROC_TX
VALUES(4, 2, TO_DATE('28/02/2013','DD/MM/YYYY'));

INSERT INTO T_AM_ART_HIST_PROC_TX
VALUES(4, 3, TO_DATE('31/03/2013','DD/MM/YYYY'));

INSERT INTO T_AM_ART_HIST_PROC_TX
VALUES(4, 4, TO_DATE('30/04/2013','DD/MM/YYYY'));

INSERT INTO T_AM_ART_HIST_PROC_TX
VALUES(4, 5, TO_DATE('31/05/2013','DD/MM/YYYY'));

INSERT INTO T_AM_ART_HIST_PROC_TX
VALUES(4, 6, TO_DATE('30/06/2013','DD/MM/YYYY'));

INSERT INTO T_AM_ART_HIST_PROC_TX
VALUES(4, 7, TO_DATE('31/07/2013','DD/MM/YYYY'));

INSERT INTO T_AM_ART_HIST_PROC_TX
VALUES(4, 8, TO_DATE('31/08/2013','DD/MM/YYYY'));

INSERT INTO T_AM_ART_HIST_PROC_TX
VALUES(4, 9, TO_DATE('30/09/2013','DD/MM/YYYY'));

INSERT INTO T_AM_ART_HIST_PROC_TX
VALUES(4, 10, TO_DATE('31/10/2013','DD/MM/YYYY'));

INSERT INTO T_AM_ART_HIST_PROC_TX
VALUES(4, 11, TO_DATE('30/11/2013','DD/MM/YYYY'));

INSERT INTO T_AM_ART_HIST_PROC_TX
VALUES(5, 1, TO_DATE('31/01/2013','DD/MM/YYYY'));

INSERT INTO T_AM_ART_HIST_PROC_TX
VALUES(5, 2, TO_DATE('28/02/2013','DD/MM/YYYY'));

INSERT INTO T_AM_ART_HIST_PROC_TX
VALUES(5, 3, TO_DATE('31/03/2013','DD/MM/YYYY'));

INSERT INTO T_AM_ART_HIST_PROC_TX
VALUES(5, 4, TO_DATE('30/04/2013','DD/MM/YYYY'));

INSERT INTO T_AM_ART_HIST_PROC_TX
VALUES(5, 5, TO_DATE('31/05/2013','DD/MM/YYYY'));

INSERT INTO T_AM_ART_HIST_PROC_TX
VALUES(5, 6, TO_DATE('30/06/2013','DD/MM/YYYY'));

INSERT INTO T_AM_ART_HIST_PROC_TX
VALUES(5, 7, TO_DATE('31/07/2013','DD/MM/YYYY'));

INSERT INTO T_AM_ART_HIST_PROC_TX
VALUES(5, 8, TO_DATE('31/08/2013','DD/MM/YYYY'));

INSERT INTO T_AM_ART_HIST_PROC_TX
VALUES(5, 9, TO_DATE('30/09/2013','DD/MM/YYYY'));

INSERT INTO T_AM_ART_HIST_PROC_TX
VALUES(5, 10, TO_DATE('31/10/2013','DD/MM/YYYY'));

INSERT INTO T_AM_ART_HIST_PROC_TX
VALUES(5, 11, TO_DATE('30/11/2013','DD/MM/YYYY'));

INSERT INTO T_AM_ART_HIST_PROC_TX
VALUES(6, 1, TO_DATE('31/01/2013','DD/MM/YYYY'));

INSERT INTO T_AM_ART_HIST_PROC_TX
VALUES(6, 2, TO_DATE('28/02/2013','DD/MM/YYYY'));

INSERT INTO T_AM_ART_HIST_PROC_TX
VALUES(6, 3, TO_DATE('31/03/2013','DD/MM/YYYY'));

INSERT INTO T_AM_ART_HIST_PROC_TX
VALUES(6, 4, TO_DATE('30/04/2013','DD/MM/YYYY'));

INSERT INTO T_AM_ART_HIST_PROC_TX
VALUES(6, 5, TO_DATE('31/05/2013','DD/MM/YYYY'));

INSERT INTO T_AM_ART_HIST_PROC_TX
VALUES(6, 6, TO_DATE('30/06/2013','DD/MM/YYYY'));

INSERT INTO T_AM_ART_HIST_PROC_TX
VALUES(6, 7, TO_DATE('31/07/2013','DD/MM/YYYY'));

INSERT INTO T_AM_ART_HIST_PROC_TX
VALUES(6, 8, TO_DATE('31/08/2013','DD/MM/YYYY'));

INSERT INTO T_AM_ART_HIST_PROC_TX
VALUES(6, 9, TO_DATE('30/09/2013','DD/MM/YYYY'));

INSERT INTO T_AM_ART_HIST_PROC_TX
VALUES(6, 10, TO_DATE('31/10/2013','DD/MM/YYYY'));

INSERT INTO T_AM_ART_HIST_PROC_TX
VALUES(6, 11, TO_DATE('30/11/2013','DD/MM/YYYY'));

INSERT INTO T_AM_ART_HIST_PROC_TX
VALUES(7, 1, TO_DATE('31/01/2013','DD/MM/YYYY'));

INSERT INTO T_AM_ART_HIST_PROC_TX
VALUES(7, 2, TO_DATE('28/02/2013','DD/MM/YYYY'));

INSERT INTO T_AM_ART_HIST_PROC_TX
VALUES(7, 3, TO_DATE('31/03/2013','DD/MM/YYYY'));

INSERT INTO T_AM_ART_HIST_PROC_TX
VALUES(7, 4, TO_DATE('30/04/2013','DD/MM/YYYY'));

INSERT INTO T_AM_ART_HIST_PROC_TX
VALUES(7, 5, TO_DATE('31/05/2013','DD/MM/YYYY'));

INSERT INTO T_AM_ART_HIST_PROC_TX
VALUES(7, 6, TO_DATE('30/06/2013','DD/MM/YYYY'));

INSERT INTO T_AM_ART_HIST_PROC_TX
VALUES(7, 7, TO_DATE('31/07/2013','DD/MM/YYYY'));

INSERT INTO T_AM_ART_HIST_PROC_TX
VALUES(7, 8, TO_DATE('31/08/2013','DD/MM/YYYY'));

INSERT INTO T_AM_ART_HIST_PROC_TX
VALUES(7, 9, TO_DATE('30/09/2013','DD/MM/YYYY'));

INSERT INTO T_AM_ART_HIST_PROC_TX
VALUES(7, 10, TO_DATE('31/10/2013','DD/MM/YYYY'));

INSERT INTO T_AM_ART_HIST_PROC_TX
VALUES(7, 11, TO_DATE('30/11/2013','DD/MM/YYYY'));

INSERT INTO T_AM_ART_HIST_PROC_TX
VALUES(8, 1, TO_DATE('31/01/2013','DD/MM/YYYY'));

INSERT INTO T_AM_ART_HIST_PROC_TX
VALUES(8, 2, TO_DATE('28/02/2013','DD/MM/YYYY'));

INSERT INTO T_AM_ART_HIST_PROC_TX
VALUES(8, 3, TO_DATE('31/03/2013','DD/MM/YYYY'));

INSERT INTO T_AM_ART_HIST_PROC_TX
VALUES(8, 4, TO_DATE('30/04/2013','DD/MM/YYYY'));

INSERT INTO T_AM_ART_HIST_PROC_TX
VALUES(8, 5, TO_DATE('31/05/2013','DD/MM/YYYY'));

INSERT INTO T_AM_ART_HIST_PROC_TX
VALUES(8, 6, TO_DATE('30/06/2013','DD/MM/YYYY'));

INSERT INTO T_AM_ART_HIST_PROC_TX
VALUES(8, 7, TO_DATE('31/07/2013','DD/MM/YYYY'));

INSERT INTO T_AM_ART_HIST_PROC_TX
VALUES(8, 8, TO_DATE('31/08/2013','DD/MM/YYYY'));

INSERT INTO T_AM_ART_HIST_PROC_TX
VALUES(8, 9, TO_DATE('30/09/2013','DD/MM/YYYY'));

INSERT INTO T_AM_ART_HIST_PROC_TX
VALUES(8, 10, TO_DATE('31/10/2013','DD/MM/YYYY'));

INSERT INTO T_AM_ART_HIST_PROC_TX
VALUES(8, 11, TO_DATE('30/11/2013','DD/MM/YYYY'));

INSERT INTO T_AM_ART_HIST_PROC_TX
VALUES(9, 1, TO_DATE('31/01/2013','DD/MM/YYYY'));

INSERT INTO T_AM_ART_HIST_PROC_TX
VALUES(9, 2, TO_DATE('28/02/2013','DD/MM/YYYY'));

INSERT INTO T_AM_ART_HIST_PROC_TX
VALUES(9, 3, TO_DATE('31/03/2013','DD/MM/YYYY'));

INSERT INTO T_AM_ART_HIST_PROC_TX
VALUES(9, 4, TO_DATE('30/04/2013','DD/MM/YYYY'));

INSERT INTO T_AM_ART_HIST_PROC_TX
VALUES(9, 5, TO_DATE('31/05/2013','DD/MM/YYYY'));

INSERT INTO T_AM_ART_HIST_PROC_TX
VALUES(9, 6, TO_DATE('30/06/2013','DD/MM/YYYY'));

INSERT INTO T_AM_ART_HIST_PROC_TX
VALUES(9, 7, TO_DATE('31/07/2013','DD/MM/YYYY'));

INSERT INTO T_AM_ART_HIST_PROC_TX
VALUES(9, 8, TO_DATE('31/08/2013','DD/MM/YYYY'));

INSERT INTO T_AM_ART_HIST_PROC_TX
VALUES(9, 9, TO_DATE('30/09/2013','DD/MM/YYYY'));

INSERT INTO T_AM_ART_HIST_PROC_TX
VALUES(9, 10, TO_DATE('31/10/2013','DD/MM/YYYY'));

INSERT INTO T_AM_ART_HIST_PROC_TX
VALUES(9, 11, TO_DATE('30/11/2013','DD/MM/YYYY'));

INSERT INTO T_AM_ART_HIST_PROC_TX
VALUES(10, 1, TO_DATE('31/01/2013','DD/MM/YYYY'));

INSERT INTO T_AM_ART_HIST_PROC_TX
VALUES(10, 2, TO_DATE('28/02/2013','DD/MM/YYYY'));

INSERT INTO T_AM_ART_HIST_PROC_TX
VALUES(10, 3, TO_DATE('31/03/2013','DD/MM/YYYY'));

INSERT INTO T_AM_ART_HIST_PROC_TX
VALUES(10, 4, TO_DATE('30/04/2013','DD/MM/YYYY'));

INSERT INTO T_AM_ART_HIST_PROC_TX
VALUES(10, 5, TO_DATE('31/05/2013','DD/MM/YYYY'));

INSERT INTO T_AM_ART_HIST_PROC_TX
VALUES(10, 6, TO_DATE('30/06/2013','DD/MM/YYYY'));

INSERT INTO T_AM_ART_HIST_PROC_TX
VALUES(10, 7, TO_DATE('31/07/2013','DD/MM/YYYY'));

INSERT INTO T_AM_ART_HIST_PROC_TX
VALUES(10, 8, TO_DATE('31/08/2013','DD/MM/YYYY'));

INSERT INTO T_AM_ART_HIST_PROC_TX
VALUES(10, 9, TO_DATE('30/09/2013','DD/MM/YYYY'));

INSERT INTO T_AM_ART_HIST_PROC_TX
VALUES(10, 10, TO_DATE('31/10/2013','DD/MM/YYYY'));

INSERT INTO T_AM_ART_HIST_PROC_TX
VALUES(10, 11, TO_DATE('30/11/2013','DD/MM/YYYY'));

INSERT INTO T_AM_ART_HIST_PROC_TX
VALUES(11, 1, TO_DATE('31/01/2013','DD/MM/YYYY'));

INSERT INTO T_AM_ART_HIST_PROC_TX
VALUES(11, 2, TO_DATE('28/02/2013','DD/MM/YYYY'));

INSERT INTO T_AM_ART_HIST_PROC_TX
VALUES(11, 3, TO_DATE('31/03/2013','DD/MM/YYYY'));

INSERT INTO T_AM_ART_HIST_PROC_TX
VALUES(11, 4, TO_DATE('30/04/2013','DD/MM/YYYY'));

INSERT INTO T_AM_ART_HIST_PROC_TX
VALUES(11, 5, TO_DATE('31/05/2013','DD/MM/YYYY'));

INSERT INTO T_AM_ART_HIST_PROC_TX
VALUES(11, 6, TO_DATE('30/06/2013','DD/MM/YYYY'));

INSERT INTO T_AM_ART_HIST_PROC_TX
VALUES(11, 7, TO_DATE('31/07/2013','DD/MM/YYYY'));

INSERT INTO T_AM_ART_HIST_PROC_TX
VALUES(11, 8, TO_DATE('31/08/2013','DD/MM/YYYY'));

INSERT INTO T_AM_ART_HIST_PROC_TX
VALUES(11, 9, TO_DATE('30/09/2013','DD/MM/YYYY'));

INSERT INTO T_AM_ART_HIST_PROC_TX
VALUES(11, 10, TO_DATE('31/10/2013','DD/MM/YYYY'));

INSERT INTO T_AM_ART_HIST_PROC_TX
VALUES(11, 11, TO_DATE('30/11/2013','DD/MM/YYYY'));

INSERT INTO T_AM_ART_HIST_PROC_TX
VALUES(12, 1, TO_DATE('31/01/2013','DD/MM/YYYY'));

INSERT INTO T_AM_ART_HIST_PROC_TX
VALUES(12, 2, TO_DATE('28/02/2013','DD/MM/YYYY'));

INSERT INTO T_AM_ART_HIST_PROC_TX
VALUES(12, 3, TO_DATE('31/03/2013','DD/MM/YYYY'));

INSERT INTO T_AM_ART_HIST_PROC_TX
VALUES(12, 4, TO_DATE('30/04/2013','DD/MM/YYYY'));

INSERT INTO T_AM_ART_HIST_PROC_TX
VALUES(12, 5, TO_DATE('31/05/2013','DD/MM/YYYY'));

INSERT INTO T_AM_ART_HIST_PROC_TX
VALUES(12, 6, TO_DATE('30/06/2013','DD/MM/YYYY'));

INSERT INTO T_AM_ART_HIST_PROC_TX
VALUES(12, 7, TO_DATE('31/07/2013','DD/MM/YYYY'));

INSERT INTO T_AM_ART_HIST_PROC_TX
VALUES(12, 8, TO_DATE('31/08/2013','DD/MM/YYYY'));

INSERT INTO T_AM_ART_HIST_PROC_TX
VALUES(12, 9, TO_DATE('30/09/2013','DD/MM/YYYY'));

INSERT INTO T_AM_ART_HIST_PROC_TX
VALUES(12, 10, TO_DATE('31/10/2013','DD/MM/YYYY'));

INSERT INTO T_AM_ART_HIST_PROC_TX
VALUES(12, 11, TO_DATE('30/11/2013','DD/MM/YYYY'));

INSERT INTO T_AM_ART_HIST_PROC_TX
VALUES(13, 1, TO_DATE('31/01/2013','DD/MM/YYYY'));

INSERT INTO T_AM_ART_HIST_PROC_TX
VALUES(13, 2, TO_DATE('28/02/2013','DD/MM/YYYY'));

INSERT INTO T_AM_ART_HIST_PROC_TX
VALUES(13, 3, TO_DATE('31/03/2013','DD/MM/YYYY'));

INSERT INTO T_AM_ART_HIST_PROC_TX
VALUES(13, 4, TO_DATE('30/04/2013','DD/MM/YYYY'));

INSERT INTO T_AM_ART_HIST_PROC_TX
VALUES(13, 5, TO_DATE('31/05/2013','DD/MM/YYYY'));

INSERT INTO T_AM_ART_HIST_PROC_TX
VALUES(13, 6, TO_DATE('30/06/2013','DD/MM/YYYY'));

INSERT INTO T_AM_ART_HIST_PROC_TX
VALUES(13, 7, TO_DATE('31/07/2013','DD/MM/YYYY'));

INSERT INTO T_AM_ART_HIST_PROC_TX
VALUES(13, 8, TO_DATE('31/08/2013','DD/MM/YYYY'));

INSERT INTO T_AM_ART_HIST_PROC_TX
VALUES(13, 9, TO_DATE('30/09/2013','DD/MM/YYYY'));

INSERT INTO T_AM_ART_HIST_PROC_TX
VALUES(13, 10, TO_DATE('31/10/2013','DD/MM/YYYY'));

INSERT INTO T_AM_ART_HIST_PROC_TX
VALUES(13, 11, TO_DATE('30/11/2013','DD/MM/YYYY'));

INSERT INTO T_AM_ART_HIST_PROC_TX
VALUES(14, 1, TO_DATE('31/01/2013','DD/MM/YYYY'));

INSERT INTO T_AM_ART_HIST_PROC_TX
VALUES(14, 2, TO_DATE('28/02/2013','DD/MM/YYYY'));

INSERT INTO T_AM_ART_HIST_PROC_TX
VALUES(14, 3, TO_DATE('31/03/2013','DD/MM/YYYY'));

INSERT INTO T_AM_ART_HIST_PROC_TX
VALUES(14, 4, TO_DATE('30/04/2013','DD/MM/YYYY'));

INSERT INTO T_AM_ART_HIST_PROC_TX
VALUES(14, 5, TO_DATE('31/05/2013','DD/MM/YYYY'));

INSERT INTO T_AM_ART_HIST_PROC_TX
VALUES(14, 6, TO_DATE('30/06/2013','DD/MM/YYYY'));

INSERT INTO T_AM_ART_HIST_PROC_TX
VALUES(14, 7, TO_DATE('31/07/2013','DD/MM/YYYY'));

INSERT INTO T_AM_ART_HIST_PROC_TX
VALUES(14, 8, TO_DATE('31/08/2013','DD/MM/YYYY'));

INSERT INTO T_AM_ART_HIST_PROC_TX
VALUES(14, 9, TO_DATE('30/09/2013','DD/MM/YYYY'));

INSERT INTO T_AM_ART_HIST_PROC_TX
VALUES(14, 10, TO_DATE('31/10/2013','DD/MM/YYYY'));

INSERT INTO T_AM_ART_HIST_PROC_TX
VALUES(14, 11, TO_DATE('30/11/2013','DD/MM/YYYY'));

INSERT INTO T_AM_ART_HIST_PROC_TX
VALUES(15, 1, TO_DATE('31/01/2013','DD/MM/YYYY'));

INSERT INTO T_AM_ART_HIST_PROC_TX
VALUES(15, 2, TO_DATE('28/02/2013','DD/MM/YYYY'));

INSERT INTO T_AM_ART_HIST_PROC_TX
VALUES(15, 3, TO_DATE('31/03/2013','DD/MM/YYYY'));

INSERT INTO T_AM_ART_HIST_PROC_TX
VALUES(15, 4, TO_DATE('30/04/2013','DD/MM/YYYY'));

INSERT INTO T_AM_ART_HIST_PROC_TX
VALUES(15, 5, TO_DATE('31/05/2013','DD/MM/YYYY'));

INSERT INTO T_AM_ART_HIST_PROC_TX
VALUES(15, 6, TO_DATE('30/06/2013','DD/MM/YYYY'));

INSERT INTO T_AM_ART_HIST_PROC_TX
VALUES(15, 7, TO_DATE('31/07/2013','DD/MM/YYYY'));

INSERT INTO T_AM_ART_HIST_PROC_TX
VALUES(15, 8, TO_DATE('31/08/2013','DD/MM/YYYY'));

INSERT INTO T_AM_ART_HIST_PROC_TX
VALUES(15, 9, TO_DATE('30/09/2013','DD/MM/YYYY'));

INSERT INTO T_AM_ART_HIST_PROC_TX
VALUES(15, 10, TO_DATE('31/10/2013','DD/MM/YYYY'));

INSERT INTO T_AM_ART_HIST_PROC_TX
VALUES(15, 11, TO_DATE('30/11/2013','DD/MM/YYYY'));

INSERT INTO T_AM_ART_HIST_PROC_TX
VALUES(16, 1, TO_DATE('31/01/2013','DD/MM/YYYY'));

INSERT INTO T_AM_ART_HIST_PROC_TX
VALUES(16, 2, TO_DATE('28/02/2013','DD/MM/YYYY'));

INSERT INTO T_AM_ART_HIST_PROC_TX
VALUES(16, 3, TO_DATE('31/03/2013','DD/MM/YYYY'));

INSERT INTO T_AM_ART_HIST_PROC_TX
VALUES(16, 4, TO_DATE('30/04/2013','DD/MM/YYYY'));

INSERT INTO T_AM_ART_HIST_PROC_TX
VALUES(16, 5, TO_DATE('31/05/2013','DD/MM/YYYY'));

INSERT INTO T_AM_ART_HIST_PROC_TX
VALUES(16, 6, TO_DATE('30/06/2013','DD/MM/YYYY'));

INSERT INTO T_AM_ART_HIST_PROC_TX
VALUES(16, 7, TO_DATE('31/07/2013','DD/MM/YYYY'));

INSERT INTO T_AM_ART_HIST_PROC_TX
VALUES(16, 8, TO_DATE('31/08/2013','DD/MM/YYYY'));

INSERT INTO T_AM_ART_HIST_PROC_TX
VALUES(16, 9, TO_DATE('30/09/2013','DD/MM/YYYY'));

INSERT INTO T_AM_ART_HIST_PROC_TX
VALUES(16, 10, TO_DATE('31/10/2013','DD/MM/YYYY'));

INSERT INTO T_AM_ART_HIST_PROC_TX
VALUES(16, 11, TO_DATE('30/11/2013','DD/MM/YYYY'));

INSERT INTO T_AM_ART_HIST_PROC_TX
VALUES(17, 1, TO_DATE('31/01/2013','DD/MM/YYYY'));

INSERT INTO T_AM_ART_HIST_PROC_TX
VALUES(17, 2, TO_DATE('28/02/2013','DD/MM/YYYY'));

INSERT INTO T_AM_ART_HIST_PROC_TX
VALUES(17, 3, TO_DATE('31/03/2013','DD/MM/YYYY'));

INSERT INTO T_AM_ART_HIST_PROC_TX
VALUES(17, 4, TO_DATE('30/04/2013','DD/MM/YYYY'));

INSERT INTO T_AM_ART_HIST_PROC_TX
VALUES(17, 5, TO_DATE('31/05/2013','DD/MM/YYYY'));

INSERT INTO T_AM_ART_HIST_PROC_TX
VALUES(17, 6, TO_DATE('30/06/2013','DD/MM/YYYY'));

INSERT INTO T_AM_ART_HIST_PROC_TX
VALUES(17, 7, TO_DATE('31/07/2013','DD/MM/YYYY'));

INSERT INTO T_AM_ART_HIST_PROC_TX
VALUES(17, 8, TO_DATE('31/08/2013','DD/MM/YYYY'));

INSERT INTO T_AM_ART_HIST_PROC_TX
VALUES(17, 9, TO_DATE('30/09/2013','DD/MM/YYYY'));

INSERT INTO T_AM_ART_HIST_PROC_TX
VALUES(17, 10, TO_DATE('31/10/2013','DD/MM/YYYY'));

INSERT INTO T_AM_ART_HIST_PROC_TX
VALUES(17, 11, TO_DATE('30/11/2013','DD/MM/YYYY'));

INSERT INTO T_AM_ART_HIST_PROC_TX
VALUES(18, 1, TO_DATE('31/01/2013','DD/MM/YYYY'));

INSERT INTO T_AM_ART_HIST_PROC_TX
VALUES(18, 2, TO_DATE('28/02/2013','DD/MM/YYYY'));

INSERT INTO T_AM_ART_HIST_PROC_TX
VALUES(18, 3, TO_DATE('31/03/2013','DD/MM/YYYY'));

INSERT INTO T_AM_ART_HIST_PROC_TX
VALUES(18, 4, TO_DATE('30/04/2013','DD/MM/YYYY'));

INSERT INTO T_AM_ART_HIST_PROC_TX
VALUES(18, 5, TO_DATE('31/05/2013','DD/MM/YYYY'));

INSERT INTO T_AM_ART_HIST_PROC_TX
VALUES(18, 6, TO_DATE('30/06/2013','DD/MM/YYYY'));

INSERT INTO T_AM_ART_HIST_PROC_TX
VALUES(18, 7, TO_DATE('31/07/2013','DD/MM/YYYY'));

INSERT INTO T_AM_ART_HIST_PROC_TX
VALUES(18, 8, TO_DATE('31/08/2013','DD/MM/YYYY'));

INSERT INTO T_AM_ART_HIST_PROC_TX
VALUES(18, 9, TO_DATE('30/09/2013','DD/MM/YYYY'));

INSERT INTO T_AM_ART_HIST_PROC_TX
VALUES(18, 10, TO_DATE('31/10/2013','DD/MM/YYYY'));

INSERT INTO T_AM_ART_HIST_PROC_TX
VALUES(18, 11, TO_DATE('30/11/2013','DD/MM/YYYY'));

INSERT INTO T_AM_ART_HIST_PROC_TX
VALUES(19, 1, TO_DATE('31/01/2013','DD/MM/YYYY'));

INSERT INTO T_AM_ART_HIST_PROC_TX
VALUES(19, 2, TO_DATE('28/02/2013','DD/MM/YYYY'));

INSERT INTO T_AM_ART_HIST_PROC_TX
VALUES(19, 3, TO_DATE('31/03/2013','DD/MM/YYYY'));

INSERT INTO T_AM_ART_HIST_PROC_TX
VALUES(19, 4, TO_DATE('30/04/2013','DD/MM/YYYY'));

INSERT INTO T_AM_ART_HIST_PROC_TX
VALUES(19, 5, TO_DATE('31/05/2013','DD/MM/YYYY'));

INSERT INTO T_AM_ART_HIST_PROC_TX
VALUES(19, 6, TO_DATE('30/06/2013','DD/MM/YYYY'));

INSERT INTO T_AM_ART_HIST_PROC_TX
VALUES(19, 7, TO_DATE('31/07/2013','DD/MM/YYYY'));

INSERT INTO T_AM_ART_HIST_PROC_TX
VALUES(19, 8, TO_DATE('31/08/2013','DD/MM/YYYY'));

INSERT INTO T_AM_ART_HIST_PROC_TX
VALUES(19, 9, TO_DATE('30/09/2013','DD/MM/YYYY'));

INSERT INTO T_AM_ART_HIST_PROC_TX
VALUES(19, 10, TO_DATE('31/10/2013','DD/MM/YYYY'));

INSERT INTO T_AM_ART_HIST_PROC_TX
VALUES(19, 11, TO_DATE('30/11/2013','DD/MM/YYYY'));

INSERT INTO T_AM_ART_HIST_PROC_TX
VALUES(20, 1, TO_DATE('31/01/2013','DD/MM/YYYY'));

INSERT INTO T_AM_ART_HIST_PROC_TX
VALUES(20, 2, TO_DATE('28/02/2013','DD/MM/YYYY'));

INSERT INTO T_AM_ART_HIST_PROC_TX
VALUES(20, 3, TO_DATE('31/03/2013','DD/MM/YYYY'));

INSERT INTO T_AM_ART_HIST_PROC_TX
VALUES(20, 4, TO_DATE('30/04/2013','DD/MM/YYYY'));

INSERT INTO T_AM_ART_HIST_PROC_TX
VALUES(20, 5, TO_DATE('31/05/2013','DD/MM/YYYY'));

INSERT INTO T_AM_ART_HIST_PROC_TX
VALUES(20, 6, TO_DATE('30/06/2013','DD/MM/YYYY'));

INSERT INTO T_AM_ART_HIST_PROC_TX
VALUES(20, 7, TO_DATE('31/07/2013','DD/MM/YYYY'));

INSERT INTO T_AM_ART_HIST_PROC_TX
VALUES(20, 8, TO_DATE('31/08/2013','DD/MM/YYYY'));

INSERT INTO T_AM_ART_HIST_PROC_TX
VALUES(20, 9, TO_DATE('30/09/2013','DD/MM/YYYY'));

INSERT INTO T_AM_ART_HIST_PROC_TX
VALUES(20, 10, TO_DATE('31/10/2013','DD/MM/YYYY'));

INSERT INTO T_AM_ART_HIST_PROC_TX
VALUES(20, 11, TO_DATE('30/11/2013','DD/MM/YYYY'));

INSERT INTO T_AM_ART_HIST_PROC_TX
VALUES(21, 1, TO_DATE('31/01/2013','DD/MM/YYYY'));

INSERT INTO T_AM_ART_HIST_PROC_TX
VALUES(21, 2, TO_DATE('28/02/2013','DD/MM/YYYY'));

INSERT INTO T_AM_ART_HIST_PROC_TX
VALUES(21, 3, TO_DATE('31/03/2013','DD/MM/YYYY'));

INSERT INTO T_AM_ART_HIST_PROC_TX
VALUES(21, 4, TO_DATE('30/04/2013','DD/MM/YYYY'));

INSERT INTO T_AM_ART_HIST_PROC_TX
VALUES(21, 5, TO_DATE('31/05/2013','DD/MM/YYYY'));

INSERT INTO T_AM_ART_HIST_PROC_TX
VALUES(21, 6, TO_DATE('30/06/2013','DD/MM/YYYY'));

INSERT INTO T_AM_ART_HIST_PROC_TX
VALUES(21, 7, TO_DATE('31/07/2013','DD/MM/YYYY'));

INSERT INTO T_AM_ART_HIST_PROC_TX
VALUES(21, 8, TO_DATE('31/08/2013','DD/MM/YYYY'));

INSERT INTO T_AM_ART_HIST_PROC_TX
VALUES(21, 9, TO_DATE('30/09/2013','DD/MM/YYYY'));

INSERT INTO T_AM_ART_HIST_PROC_TX
VALUES(21, 10, TO_DATE('31/10/2013','DD/MM/YYYY'));

INSERT INTO T_AM_ART_HIST_PROC_TX
VALUES(21, 11, TO_DATE('30/11/2013','DD/MM/YYYY'));

INSERT INTO T_AM_ART_HIST_PROC_TX
VALUES(22, 1, TO_DATE('31/01/2013','DD/MM/YYYY'));

INSERT INTO T_AM_ART_HIST_PROC_TX
VALUES(22, 2, TO_DATE('28/02/2013','DD/MM/YYYY'));

INSERT INTO T_AM_ART_HIST_PROC_TX
VALUES(22, 3, TO_DATE('31/03/2013','DD/MM/YYYY'));

INSERT INTO T_AM_ART_HIST_PROC_TX
VALUES(22, 4, TO_DATE('30/04/2013','DD/MM/YYYY'));

INSERT INTO T_AM_ART_HIST_PROC_TX
VALUES(22, 5, TO_DATE('31/05/2013','DD/MM/YYYY'));

INSERT INTO T_AM_ART_HIST_PROC_TX
VALUES(22, 6, TO_DATE('30/06/2013','DD/MM/YYYY'));

INSERT INTO T_AM_ART_HIST_PROC_TX
VALUES(22, 7, TO_DATE('31/07/2013','DD/MM/YYYY'));

INSERT INTO T_AM_ART_HIST_PROC_TX
VALUES(22, 8, TO_DATE('31/08/2013','DD/MM/YYYY'));

INSERT INTO T_AM_ART_HIST_PROC_TX
VALUES(22, 9, TO_DATE('30/09/2013','DD/MM/YYYY'));

INSERT INTO T_AM_ART_HIST_PROC_TX
VALUES(22, 10, TO_DATE('31/10/2013','DD/MM/YYYY'));

INSERT INTO T_AM_ART_HIST_PROC_TX
VALUES(22, 11, TO_DATE('30/11/2013','DD/MM/YYYY'));

INSERT INTO T_AM_ART_HIST_PROC_TX
VALUES(23, 1, TO_DATE('31/01/2013','DD/MM/YYYY'));

INSERT INTO T_AM_ART_HIST_PROC_TX
VALUES(23, 2, TO_DATE('28/02/2013','DD/MM/YYYY'));

INSERT INTO T_AM_ART_HIST_PROC_TX
VALUES(23, 3, TO_DATE('31/03/2013','DD/MM/YYYY'));

INSERT INTO T_AM_ART_HIST_PROC_TX
VALUES(23, 4, TO_DATE('30/04/2013','DD/MM/YYYY'));

INSERT INTO T_AM_ART_HIST_PROC_TX
VALUES(23, 5, TO_DATE('31/05/2013','DD/MM/YYYY'));

INSERT INTO T_AM_ART_HIST_PROC_TX
VALUES(23, 6, TO_DATE('30/06/2013','DD/MM/YYYY'));

INSERT INTO T_AM_ART_HIST_PROC_TX
VALUES(23, 7, TO_DATE('31/07/2013','DD/MM/YYYY'));

INSERT INTO T_AM_ART_HIST_PROC_TX
VALUES(23, 8, TO_DATE('31/08/2013','DD/MM/YYYY'));

INSERT INTO T_AM_ART_HIST_PROC_TX
VALUES(23, 9, TO_DATE('30/09/2013','DD/MM/YYYY'));

INSERT INTO T_AM_ART_HIST_PROC_TX
VALUES(23, 10, TO_DATE('31/10/2013','DD/MM/YYYY'));

INSERT INTO T_AM_ART_HIST_PROC_TX
VALUES(23, 11, TO_DATE('30/11/2013','DD/MM/YYYY'));

INSERT INTO T_AM_ART_HIST_PROC_TX
VALUES(24, 1, TO_DATE('31/01/2013','DD/MM/YYYY'));

INSERT INTO T_AM_ART_HIST_PROC_TX
VALUES(24, 2, TO_DATE('28/02/2013','DD/MM/YYYY'));

INSERT INTO T_AM_ART_HIST_PROC_TX
VALUES(24, 3, TO_DATE('31/03/2013','DD/MM/YYYY'));

INSERT INTO T_AM_ART_HIST_PROC_TX
VALUES(24, 4, TO_DATE('30/04/2013','DD/MM/YYYY'));

INSERT INTO T_AM_ART_HIST_PROC_TX
VALUES(24, 5, TO_DATE('31/05/2013','DD/MM/YYYY'));

INSERT INTO T_AM_ART_HIST_PROC_TX
VALUES(24, 6, TO_DATE('30/06/2013','DD/MM/YYYY'));

INSERT INTO T_AM_ART_HIST_PROC_TX
VALUES(24, 7, TO_DATE('31/07/2013','DD/MM/YYYY'));

INSERT INTO T_AM_ART_HIST_PROC_TX
VALUES(24, 8, TO_DATE('31/08/2013','DD/MM/YYYY'));

INSERT INTO T_AM_ART_HIST_PROC_TX
VALUES(24, 9, TO_DATE('30/09/2013','DD/MM/YYYY'));

INSERT INTO T_AM_ART_HIST_PROC_TX
VALUES(24, 10, TO_DATE('31/10/2013','DD/MM/YYYY'));

INSERT INTO T_AM_ART_HIST_PROC_TX
VALUES(24, 11, TO_DATE('30/11/2013','DD/MM/YYYY'));

INSERT INTO T_AM_ART_HIST_PROC_TX
VALUES(25, 1, TO_DATE('31/01/2013','DD/MM/YYYY'));

INSERT INTO T_AM_ART_HIST_PROC_TX
VALUES(25, 2, TO_DATE('28/02/2013','DD/MM/YYYY'));

INSERT INTO T_AM_ART_HIST_PROC_TX
VALUES(25, 3, TO_DATE('31/03/2013','DD/MM/YYYY'));

INSERT INTO T_AM_ART_HIST_PROC_TX
VALUES(25, 4, TO_DATE('30/04/2013','DD/MM/YYYY'));

INSERT INTO T_AM_ART_HIST_PROC_TX
VALUES(25, 5, TO_DATE('31/05/2013','DD/MM/YYYY'));

INSERT INTO T_AM_ART_HIST_PROC_TX
VALUES(25, 6, TO_DATE('30/06/2013','DD/MM/YYYY'));

INSERT INTO T_AM_ART_HIST_PROC_TX
VALUES(25, 7, TO_DATE('31/07/2013','DD/MM/YYYY'));

INSERT INTO T_AM_ART_HIST_PROC_TX
VALUES(25, 8, TO_DATE('31/08/2013','DD/MM/YYYY'));

INSERT INTO T_AM_ART_HIST_PROC_TX
VALUES(25, 9, TO_DATE('30/09/2013','DD/MM/YYYY'));

INSERT INTO T_AM_ART_HIST_PROC_TX
VALUES(25, 10, TO_DATE('31/10/2013','DD/MM/YYYY'));

INSERT INTO T_AM_ART_HIST_PROC_TX
VALUES(25, 11, TO_DATE('30/11/2013','DD/MM/YYYY'));

SELECT * FROM T_AM_ART_HIST_PROC_TX
ORDER BY CD_TAXA;
COMMIT;

-- 22) TABELA: LANCA_HONORARIO
SELECT * FROM T_AM_ART_TIPO_TAREFA
ORDER BY CD_TIPO_TAREFA;
SELECT NR_PROCESSO, DT_ABERTURA FROM T_AM_ART_PROCESSO
ORDER BY NR_PROCESSO, CD_ADVOGADO, DT_ABERTURA;

INSERT INTO T_AM_ART_LANCA_HONORARIO
VALUES(SQ_AM_ART_LANCA_HONORARIO.NEXTVAL, 1, 1, 
       TO_DATE('21/01/2013','DD/MM/YYYY'), 3, NULL);

INSERT INTO T_AM_ART_LANCA_HONORARIO
VALUES(SQ_AM_ART_LANCA_HONORARIO.NEXTVAL, 1, 1, 
       TO_DATE('22/01/2013','DD/MM/YYYY'), 2, NULL);

INSERT INTO T_AM_ART_LANCA_HONORARIO
VALUES(SQ_AM_ART_LANCA_HONORARIO.NEXTVAL, 3, 1, 
       TO_DATE('23/01/2013','DD/MM/YYYY'), 4, NULL);

INSERT INTO T_AM_ART_LANCA_HONORARIO
VALUES(SQ_AM_ART_LANCA_HONORARIO.NEXTVAL, 4, 1, 
       TO_DATE('24/01/2013','DD/MM/YYYY'), 6, NULL);
       
INSERT INTO T_AM_ART_LANCA_HONORARIO
VALUES(SQ_AM_ART_LANCA_HONORARIO.NEXTVAL, 3, 1, 
       TO_DATE('25/01/2013','DD/MM/YYYY'), 2, NULL);

INSERT INTO T_AM_ART_LANCA_HONORARIO
VALUES(SQ_AM_ART_LANCA_HONORARIO.NEXTVAL, 3, 1, 
       TO_DATE('26/01/2013','DD/MM/YYYY'), 3, NULL);
       
INSERT INTO T_AM_ART_LANCA_HONORARIO
VALUES(SQ_AM_ART_LANCA_HONORARIO.NEXTVAL, 3, 1, 
       TO_DATE('27/01/2013','DD/MM/YYYY'), 1, NULL);
       
INSERT INTO T_AM_ART_LANCA_HONORARIO
VALUES(SQ_AM_ART_LANCA_HONORARIO.NEXTVAL, 2, 1, 
       TO_DATE('29/01/2013','DD/MM/YYYY'), 8, NULL);

INSERT INTO T_AM_ART_LANCA_HONORARIO
VALUES(SQ_AM_ART_LANCA_HONORARIO.NEXTVAL, 2, 1, 
       TO_DATE('01/02/2013','DD/MM/YYYY'), 6, NULL);
       
INSERT INTO T_AM_ART_LANCA_HONORARIO
VALUES(SQ_AM_ART_LANCA_HONORARIO.NEXTVAL, 4, 1, 
       TO_DATE('02/02/2013','DD/MM/YYYY'), 3, NULL);
       
INSERT INTO T_AM_ART_LANCA_HONORARIO
VALUES(SQ_AM_ART_LANCA_HONORARIO.NEXTVAL, 1, 2, 
       TO_DATE('26/02/2013','DD/MM/YYYY'), 3, NULL);

INSERT INTO T_AM_ART_LANCA_HONORARIO
VALUES(SQ_AM_ART_LANCA_HONORARIO.NEXTVAL, 3, 2, 
       TO_DATE('27/02/2013','DD/MM/YYYY'), 3, NULL);
       
INSERT INTO T_AM_ART_LANCA_HONORARIO
VALUES(SQ_AM_ART_LANCA_HONORARIO.NEXTVAL, 3, 2, 
       TO_DATE('28/02/2013','DD/MM/YYYY'), 4, NULL);
       
INSERT INTO T_AM_ART_LANCA_HONORARIO
VALUES(SQ_AM_ART_LANCA_HONORARIO.NEXTVAL, 3, 2, 
       TO_DATE('01/03/2013','DD/MM/YYYY'), 1, NULL);
       
INSERT INTO T_AM_ART_LANCA_HONORARIO
VALUES(SQ_AM_ART_LANCA_HONORARIO.NEXTVAL, 4, 2, 
       TO_DATE('02/03/2013','DD/MM/YYYY'), 5, NULL);       

INSERT INTO T_AM_ART_LANCA_HONORARIO
VALUES(SQ_AM_ART_LANCA_HONORARIO.NEXTVAL, 1, 2, 
       TO_DATE('03/03/2013','DD/MM/YYYY'), 2, NULL);

INSERT INTO T_AM_ART_LANCA_HONORARIO
VALUES(SQ_AM_ART_LANCA_HONORARIO.NEXTVAL, 2, 2, 
       TO_DATE('04/03/2013','DD/MM/YYYY'), 4, NULL);

INSERT INTO T_AM_ART_LANCA_HONORARIO
VALUES(SQ_AM_ART_LANCA_HONORARIO.NEXTVAL, 1, 2, 
       TO_DATE('05/03/2013','DD/MM/YYYY'), 1, NULL);

INSERT INTO T_AM_ART_LANCA_HONORARIO
VALUES(SQ_AM_ART_LANCA_HONORARIO.NEXTVAL, 2, 2, 
       TO_DATE('06/03/2013','DD/MM/YYYY'), 4, NULL);

INSERT INTO T_AM_ART_LANCA_HONORARIO
VALUES(SQ_AM_ART_LANCA_HONORARIO.NEXTVAL, 4, 2, 
       TO_DATE('07/03/2013','DD/MM/YYYY'), 3, NULL);

INSERT INTO T_AM_ART_LANCA_HONORARIO
VALUES(SQ_AM_ART_LANCA_HONORARIO.NEXTVAL, 1, 3, 
       TO_DATE('16/03/2013','DD/MM/YYYY'), 2, NULL);

INSERT INTO T_AM_ART_LANCA_HONORARIO
VALUES(SQ_AM_ART_LANCA_HONORARIO.NEXTVAL, 3, 3, 
       TO_DATE('17/03/2013','DD/MM/YYYY'), 3, NULL);

INSERT INTO T_AM_ART_LANCA_HONORARIO
VALUES(SQ_AM_ART_LANCA_HONORARIO.NEXTVAL, 1, 3, 
       TO_DATE('19/03/2013','DD/MM/YYYY'), 3, NULL);

INSERT INTO T_AM_ART_LANCA_HONORARIO
VALUES(SQ_AM_ART_LANCA_HONORARIO.NEXTVAL, 4, 3, 
       TO_DATE('21/03/2013','DD/MM/YYYY'), 2, NULL);

INSERT INTO T_AM_ART_LANCA_HONORARIO
VALUES(SQ_AM_ART_LANCA_HONORARIO.NEXTVAL, 2, 3, 
       TO_DATE('22/03/2013','DD/MM/YYYY'), 3, NULL);

INSERT INTO T_AM_ART_LANCA_HONORARIO
VALUES(SQ_AM_ART_LANCA_HONORARIO.NEXTVAL, 2, 3, 
       TO_DATE('24/03/2013','DD/MM/YYYY'), 4, NULL);

INSERT INTO T_AM_ART_LANCA_HONORARIO
VALUES(SQ_AM_ART_LANCA_HONORARIO.NEXTVAL, 1, 3, 
       TO_DATE('25/03/2013','DD/MM/YYYY'), 2, NULL);

INSERT INTO T_AM_ART_LANCA_HONORARIO
VALUES(SQ_AM_ART_LANCA_HONORARIO.NEXTVAL, 4, 3, 
       TO_DATE('26/03/2013','DD/MM/YYYY'), 2, NULL);

INSERT INTO T_AM_ART_LANCA_HONORARIO
VALUES(SQ_AM_ART_LANCA_HONORARIO.NEXTVAL, 3, 3, 
       TO_DATE('27/03/2013','DD/MM/YYYY'), 1, NULL);

INSERT INTO T_AM_ART_LANCA_HONORARIO
VALUES(SQ_AM_ART_LANCA_HONORARIO.NEXTVAL, 3, 3, 
       TO_DATE('28/03/2013','DD/MM/YYYY'), 2, NULL);

INSERT INTO T_AM_ART_LANCA_HONORARIO
VALUES(SQ_AM_ART_LANCA_HONORARIO.NEXTVAL, 1, 4, 
       TO_DATE('23/04/2013','DD/MM/YYYY'), 2, NULL);

INSERT INTO T_AM_ART_LANCA_HONORARIO
VALUES(SQ_AM_ART_LANCA_HONORARIO.NEXTVAL, 3, 4, 
       TO_DATE('24/04/2013','DD/MM/YYYY'), 3, NULL);

INSERT INTO T_AM_ART_LANCA_HONORARIO
VALUES(SQ_AM_ART_LANCA_HONORARIO.NEXTVAL, 1, 4, 
       TO_DATE('25/04/2013','DD/MM/YYYY'), 3, NULL);

INSERT INTO T_AM_ART_LANCA_HONORARIO
VALUES(SQ_AM_ART_LANCA_HONORARIO.NEXTVAL, 4, 4, 
       TO_DATE('26/04/2013','DD/MM/YYYY'), 2, NULL);

INSERT INTO T_AM_ART_LANCA_HONORARIO
VALUES(SQ_AM_ART_LANCA_HONORARIO.NEXTVAL, 2, 4, 
       TO_DATE('27/04/2013','DD/MM/YYYY'), 3, NULL);

INSERT INTO T_AM_ART_LANCA_HONORARIO
VALUES(SQ_AM_ART_LANCA_HONORARIO.NEXTVAL, 2, 4, 
       TO_DATE('29/04/2013','DD/MM/YYYY'), 4, NULL);

INSERT INTO T_AM_ART_LANCA_HONORARIO
VALUES(SQ_AM_ART_LANCA_HONORARIO.NEXTVAL, 1, 4, 
       TO_DATE('30/04/2013','DD/MM/YYYY'), 2, NULL);

INSERT INTO T_AM_ART_LANCA_HONORARIO
VALUES(SQ_AM_ART_LANCA_HONORARIO.NEXTVAL, 4, 4, 
       TO_DATE('02/05/2013','DD/MM/YYYY'), 2, NULL);

INSERT INTO T_AM_ART_LANCA_HONORARIO
VALUES(SQ_AM_ART_LANCA_HONORARIO.NEXTVAL, 3, 4, 
       TO_DATE('03/05/2013','DD/MM/YYYY'), 1, NULL);

INSERT INTO T_AM_ART_LANCA_HONORARIO
VALUES(SQ_AM_ART_LANCA_HONORARIO.NEXTVAL, 3, 4, 
       TO_DATE('04/05/2013','DD/MM/YYYY'), 2, NULL);

INSERT INTO T_AM_ART_LANCA_HONORARIO
VALUES(SQ_AM_ART_LANCA_HONORARIO.NEXTVAL, 1, 5, 
       TO_DATE('16/05/2013','DD/MM/YYYY'), 2, NULL);

INSERT INTO T_AM_ART_LANCA_HONORARIO
VALUES(SQ_AM_ART_LANCA_HONORARIO.NEXTVAL, 3, 5, 
       TO_DATE('17/05/2013','DD/MM/YYYY'), 3, NULL);

INSERT INTO T_AM_ART_LANCA_HONORARIO
VALUES(SQ_AM_ART_LANCA_HONORARIO.NEXTVAL, 1, 5, 
       TO_DATE('19/05/2013','DD/MM/YYYY'), 3, NULL);

INSERT INTO T_AM_ART_LANCA_HONORARIO
VALUES(SQ_AM_ART_LANCA_HONORARIO.NEXTVAL, 4, 5, 
       TO_DATE('20/05/2013','DD/MM/YYYY'), 2, NULL);

INSERT INTO T_AM_ART_LANCA_HONORARIO
VALUES(SQ_AM_ART_LANCA_HONORARIO.NEXTVAL, 2, 5, 
       TO_DATE('21/05/2013','DD/MM/YYYY'), 3, NULL);

INSERT INTO T_AM_ART_LANCA_HONORARIO
VALUES(SQ_AM_ART_LANCA_HONORARIO.NEXTVAL, 2, 5, 
       TO_DATE('22/05/2013','DD/MM/YYYY'), 4, NULL);

INSERT INTO T_AM_ART_LANCA_HONORARIO
VALUES(SQ_AM_ART_LANCA_HONORARIO.NEXTVAL, 1, 5, 
       TO_DATE('24/05/2013','DD/MM/YYYY'), 2, NULL);

INSERT INTO T_AM_ART_LANCA_HONORARIO
VALUES(SQ_AM_ART_LANCA_HONORARIO.NEXTVAL, 4, 5, 
       TO_DATE('26/05/2013','DD/MM/YYYY'), 2, NULL);

INSERT INTO T_AM_ART_LANCA_HONORARIO
VALUES(SQ_AM_ART_LANCA_HONORARIO.NEXTVAL, 3, 5, 
       TO_DATE('27/05/2013','DD/MM/YYYY'), 1, NULL);

INSERT INTO T_AM_ART_LANCA_HONORARIO
VALUES(SQ_AM_ART_LANCA_HONORARIO.NEXTVAL, 3, 5, 
       TO_DATE('28/05/2013','DD/MM/YYYY'), 2, NULL);

INSERT INTO T_AM_ART_LANCA_HONORARIO
VALUES(SQ_AM_ART_LANCA_HONORARIO.NEXTVAL, 1, 6, 
       TO_DATE('14/06/2013','DD/MM/YYYY'), 2, NULL);

INSERT INTO T_AM_ART_LANCA_HONORARIO
VALUES(SQ_AM_ART_LANCA_HONORARIO.NEXTVAL, 3, 6, 
       TO_DATE('15/06/2013','DD/MM/YYYY'), 3, NULL);

INSERT INTO T_AM_ART_LANCA_HONORARIO
VALUES(SQ_AM_ART_LANCA_HONORARIO.NEXTVAL, 1, 6, 
       TO_DATE('16/06/2013','DD/MM/YYYY'), 3, NULL);

INSERT INTO T_AM_ART_LANCA_HONORARIO
VALUES(SQ_AM_ART_LANCA_HONORARIO.NEXTVAL, 4, 6, 
       TO_DATE('17/06/2013','DD/MM/YYYY'), 2, NULL);

INSERT INTO T_AM_ART_LANCA_HONORARIO
VALUES(SQ_AM_ART_LANCA_HONORARIO.NEXTVAL, 2, 6, 
       TO_DATE('18/06/2013','DD/MM/YYYY'), 3, NULL);

INSERT INTO T_AM_ART_LANCA_HONORARIO
VALUES(SQ_AM_ART_LANCA_HONORARIO.NEXTVAL, 2, 6, 
       TO_DATE('19/06/2013','DD/MM/YYYY'), 4, NULL);

INSERT INTO T_AM_ART_LANCA_HONORARIO
VALUES(SQ_AM_ART_LANCA_HONORARIO.NEXTVAL, 1, 6, 
       TO_DATE('20/06/2013','DD/MM/YYYY'), 2, NULL);

INSERT INTO T_AM_ART_LANCA_HONORARIO
VALUES(SQ_AM_ART_LANCA_HONORARIO.NEXTVAL, 4, 6, 
       TO_DATE('21/06/2013','DD/MM/YYYY'), 2, NULL);

INSERT INTO T_AM_ART_LANCA_HONORARIO
VALUES(SQ_AM_ART_LANCA_HONORARIO.NEXTVAL, 3, 6, 
       TO_DATE('22/06/2013','DD/MM/YYYY'), 1, NULL);

INSERT INTO T_AM_ART_LANCA_HONORARIO
VALUES(SQ_AM_ART_LANCA_HONORARIO.NEXTVAL, 3, 6, 
       TO_DATE('26/06/2013','DD/MM/YYYY'), 2, NULL);

INSERT INTO T_AM_ART_LANCA_HONORARIO
VALUES(SQ_AM_ART_LANCA_HONORARIO.NEXTVAL, 1, 7, 
       TO_DATE('16/07/2013','DD/MM/YYYY'), 2, NULL);

INSERT INTO T_AM_ART_LANCA_HONORARIO
VALUES(SQ_AM_ART_LANCA_HONORARIO.NEXTVAL, 3, 7, 
       TO_DATE('17/07/2013','DD/MM/YYYY'), 3, NULL);

INSERT INTO T_AM_ART_LANCA_HONORARIO
VALUES(SQ_AM_ART_LANCA_HONORARIO.NEXTVAL, 1, 7, 
       TO_DATE('19/07/2013','DD/MM/YYYY'), 3, NULL);

INSERT INTO T_AM_ART_LANCA_HONORARIO
VALUES(SQ_AM_ART_LANCA_HONORARIO.NEXTVAL, 4, 7, 
       TO_DATE('20/07/2013','DD/MM/YYYY'), 2, NULL);

INSERT INTO T_AM_ART_LANCA_HONORARIO
VALUES(SQ_AM_ART_LANCA_HONORARIO.NEXTVAL, 2, 7, 
       TO_DATE('21/07/2013','DD/MM/YYYY'), 3, NULL);

INSERT INTO T_AM_ART_LANCA_HONORARIO
VALUES(SQ_AM_ART_LANCA_HONORARIO.NEXTVAL, 2, 7, 
       TO_DATE('22/07/2013','DD/MM/YYYY'), 4, NULL);

INSERT INTO T_AM_ART_LANCA_HONORARIO
VALUES(SQ_AM_ART_LANCA_HONORARIO.NEXTVAL, 1, 7, 
       TO_DATE('23/07/2013','DD/MM/YYYY'), 2, NULL);

INSERT INTO T_AM_ART_LANCA_HONORARIO
VALUES(SQ_AM_ART_LANCA_HONORARIO.NEXTVAL, 4, 7, 
       TO_DATE('24/07/2013','DD/MM/YYYY'), 2, NULL);

INSERT INTO T_AM_ART_LANCA_HONORARIO
VALUES(SQ_AM_ART_LANCA_HONORARIO.NEXTVAL, 3, 7, 
       TO_DATE('25/07/2013','DD/MM/YYYY'), 1, NULL);

INSERT INTO T_AM_ART_LANCA_HONORARIO
VALUES(SQ_AM_ART_LANCA_HONORARIO.NEXTVAL, 3, 7, 
       TO_DATE('26/07/2013','DD/MM/YYYY'), 2, NULL);


INSERT INTO T_AM_ART_LANCA_HONORARIO
VALUES(SQ_AM_ART_LANCA_HONORARIO.NEXTVAL, 1, 8, 
       TO_DATE('29/08/2013','DD/MM/YYYY'), 2, NULL);

INSERT INTO T_AM_ART_LANCA_HONORARIO
VALUES(SQ_AM_ART_LANCA_HONORARIO.NEXTVAL, 3, 8, 
       TO_DATE('30/08/2013','DD/MM/YYYY'), 3, NULL);

INSERT INTO T_AM_ART_LANCA_HONORARIO
VALUES(SQ_AM_ART_LANCA_HONORARIO.NEXTVAL, 1, 8, 
       TO_DATE('01/09/2013','DD/MM/YYYY'), 3, NULL);

INSERT INTO T_AM_ART_LANCA_HONORARIO
VALUES(SQ_AM_ART_LANCA_HONORARIO.NEXTVAL, 4, 8, 
       TO_DATE('02/09/2013','DD/MM/YYYY'), 2, NULL);

INSERT INTO T_AM_ART_LANCA_HONORARIO
VALUES(SQ_AM_ART_LANCA_HONORARIO.NEXTVAL, 2, 8, 
       TO_DATE('03/09/2013','DD/MM/YYYY'), 3, NULL);

INSERT INTO T_AM_ART_LANCA_HONORARIO
VALUES(SQ_AM_ART_LANCA_HONORARIO.NEXTVAL, 2, 8, 
       TO_DATE('04/09/2013','DD/MM/YYYY'), 4, NULL);

INSERT INTO T_AM_ART_LANCA_HONORARIO
VALUES(SQ_AM_ART_LANCA_HONORARIO.NEXTVAL, 1, 8, 
       TO_DATE('05/09/2013','DD/MM/YYYY'), 2, NULL);

INSERT INTO T_AM_ART_LANCA_HONORARIO
VALUES(SQ_AM_ART_LANCA_HONORARIO.NEXTVAL, 4, 8, 
       TO_DATE('06/09/2013','DD/MM/YYYY'), 2, NULL);

INSERT INTO T_AM_ART_LANCA_HONORARIO
VALUES(SQ_AM_ART_LANCA_HONORARIO.NEXTVAL, 3, 8, 
       TO_DATE('07/09/2013','DD/MM/YYYY'), 1, NULL);

INSERT INTO T_AM_ART_LANCA_HONORARIO
VALUES(SQ_AM_ART_LANCA_HONORARIO.NEXTVAL, 3, 8, 
       TO_DATE('08/09/2013','DD/MM/YYYY'), 2, NULL);

INSERT INTO T_AM_ART_LANCA_HONORARIO
VALUES(SQ_AM_ART_LANCA_HONORARIO.NEXTVAL, 1, 9, 
       TO_DATE('28/09/2013','DD/MM/YYYY'), 2, NULL);

INSERT INTO T_AM_ART_LANCA_HONORARIO
VALUES(SQ_AM_ART_LANCA_HONORARIO.NEXTVAL, 3, 9, 
       TO_DATE('29/09/2013','DD/MM/YYYY'), 3, NULL);

INSERT INTO T_AM_ART_LANCA_HONORARIO
VALUES(SQ_AM_ART_LANCA_HONORARIO.NEXTVAL, 1, 9, 
       TO_DATE('30/09/2013','DD/MM/YYYY'), 3, NULL);

INSERT INTO T_AM_ART_LANCA_HONORARIO
VALUES(SQ_AM_ART_LANCA_HONORARIO.NEXTVAL, 4, 9, 
       TO_DATE('01/10/2013','DD/MM/YYYY'), 2, NULL);

INSERT INTO T_AM_ART_LANCA_HONORARIO
VALUES(SQ_AM_ART_LANCA_HONORARIO.NEXTVAL, 2, 9, 
       TO_DATE('02/10/2013','DD/MM/YYYY'), 3, NULL);

INSERT INTO T_AM_ART_LANCA_HONORARIO
VALUES(SQ_AM_ART_LANCA_HONORARIO.NEXTVAL, 2, 9, 
       TO_DATE('03/10/2013','DD/MM/YYYY'), 4, NULL);

INSERT INTO T_AM_ART_LANCA_HONORARIO
VALUES(SQ_AM_ART_LANCA_HONORARIO.NEXTVAL, 1, 9, 
       TO_DATE('04/10/2013','DD/MM/YYYY'), 2, NULL);

INSERT INTO T_AM_ART_LANCA_HONORARIO
VALUES(SQ_AM_ART_LANCA_HONORARIO.NEXTVAL, 4, 9, 
       TO_DATE('05/10/2013','DD/MM/YYYY'), 2, NULL);

INSERT INTO T_AM_ART_LANCA_HONORARIO
VALUES(SQ_AM_ART_LANCA_HONORARIO.NEXTVAL, 3, 9, 
       TO_DATE('06/10/2013','DD/MM/YYYY'), 1, NULL);

INSERT INTO T_AM_ART_LANCA_HONORARIO
VALUES(SQ_AM_ART_LANCA_HONORARIO.NEXTVAL, 3, 9, 
       TO_DATE('16/10/2013','DD/MM/YYYY'), 2, NULL);

INSERT INTO T_AM_ART_LANCA_HONORARIO
VALUES(SQ_AM_ART_LANCA_HONORARIO.NEXTVAL, 1, 10, 
       TO_DATE('17/10/2013','DD/MM/YYYY'), 2, NULL);

INSERT INTO T_AM_ART_LANCA_HONORARIO
VALUES(SQ_AM_ART_LANCA_HONORARIO.NEXTVAL, 3, 10, 
       TO_DATE('18/10/2013','DD/MM/YYYY'), 3, NULL);

INSERT INTO T_AM_ART_LANCA_HONORARIO
VALUES(SQ_AM_ART_LANCA_HONORARIO.NEXTVAL, 1, 10, 
       TO_DATE('19/10/2013','DD/MM/YYYY'), 3, NULL);

INSERT INTO T_AM_ART_LANCA_HONORARIO
VALUES(SQ_AM_ART_LANCA_HONORARIO.NEXTVAL, 4, 10, 
       TO_DATE('20/10/2013','DD/MM/YYYY'), 2, NULL);

INSERT INTO T_AM_ART_LANCA_HONORARIO
VALUES(SQ_AM_ART_LANCA_HONORARIO.NEXTVAL, 2, 10, 
       TO_DATE('21/10/2013','DD/MM/YYYY'), 3, NULL);

INSERT INTO T_AM_ART_LANCA_HONORARIO
VALUES(SQ_AM_ART_LANCA_HONORARIO.NEXTVAL, 2, 10, 
       TO_DATE('22/10/2013','DD/MM/YYYY'), 4, NULL);

INSERT INTO T_AM_ART_LANCA_HONORARIO
VALUES(SQ_AM_ART_LANCA_HONORARIO.NEXTVAL, 1, 10, 
       TO_DATE('23/10/2013','DD/MM/YYYY'), 2, NULL);

INSERT INTO T_AM_ART_LANCA_HONORARIO
VALUES(SQ_AM_ART_LANCA_HONORARIO.NEXTVAL, 4, 10, 
       TO_DATE('24/10/2013','DD/MM/YYYY'), 2, NULL);

INSERT INTO T_AM_ART_LANCA_HONORARIO
VALUES(SQ_AM_ART_LANCA_HONORARIO.NEXTVAL, 3, 10, 
       TO_DATE('25/10/2013','DD/MM/YYYY'), 1, NULL);

INSERT INTO T_AM_ART_LANCA_HONORARIO
VALUES(SQ_AM_ART_LANCA_HONORARIO.NEXTVAL, 3, 10, 
       TO_DATE('26/10/2013','DD/MM/YYYY'), 2, NULL);

INSERT INTO T_AM_ART_LANCA_HONORARIO
VALUES(SQ_AM_ART_LANCA_HONORARIO.NEXTVAL, 1, 11, 
       TO_DATE('18/11/2013','DD/MM/YYYY'), 2, NULL);

INSERT INTO T_AM_ART_LANCA_HONORARIO
VALUES(SQ_AM_ART_LANCA_HONORARIO.NEXTVAL, 3, 11, 
       TO_DATE('19/11/2013','DD/MM/YYYY'), 3, NULL);

INSERT INTO T_AM_ART_LANCA_HONORARIO
VALUES(SQ_AM_ART_LANCA_HONORARIO.NEXTVAL, 1, 11, 
       TO_DATE('20/11/2013','DD/MM/YYYY'), 3, NULL);

INSERT INTO T_AM_ART_LANCA_HONORARIO
VALUES(SQ_AM_ART_LANCA_HONORARIO.NEXTVAL, 4, 11, 
       TO_DATE('21/11/2013','DD/MM/YYYY'), 2, NULL);

INSERT INTO T_AM_ART_LANCA_HONORARIO
VALUES(SQ_AM_ART_LANCA_HONORARIO.NEXTVAL, 2, 11, 
       TO_DATE('22/11/2013','DD/MM/YYYY'), 3, NULL);

INSERT INTO T_AM_ART_LANCA_HONORARIO
VALUES(SQ_AM_ART_LANCA_HONORARIO.NEXTVAL, 2, 11, 
       TO_DATE('23/11/2013','DD/MM/YYYY'), 4, NULL);

INSERT INTO T_AM_ART_LANCA_HONORARIO
VALUES(SQ_AM_ART_LANCA_HONORARIO.NEXTVAL, 1, 11, 
       TO_DATE('24/11/2013','DD/MM/YYYY'), 2, NULL);

INSERT INTO T_AM_ART_LANCA_HONORARIO
VALUES(SQ_AM_ART_LANCA_HONORARIO.NEXTVAL, 4, 11, 
       TO_DATE('25/11/2013','DD/MM/YYYY'), 2, NULL);

INSERT INTO T_AM_ART_LANCA_HONORARIO
VALUES(SQ_AM_ART_LANCA_HONORARIO.NEXTVAL, 3, 11, 
       TO_DATE('26/11/2013','DD/MM/YYYY'), 1, NULL);

INSERT INTO T_AM_ART_LANCA_HONORARIO
VALUES(SQ_AM_ART_LANCA_HONORARIO.NEXTVAL, 3, 11, 
       TO_DATE('27/11/2013','DD/MM/YYYY'), 2, NULL);

INSERT INTO T_AM_ART_LANCA_HONORARIO
VALUES(SQ_AM_ART_LANCA_HONORARIO.NEXTVAL, 1, 12, 
       TO_DATE('19/01/2013','DD/MM/YYYY'), 2, NULL);

INSERT INTO T_AM_ART_LANCA_HONORARIO
VALUES(SQ_AM_ART_LANCA_HONORARIO.NEXTVAL, 3, 12, 
       TO_DATE('20/01/2013','DD/MM/YYYY'), 3, NULL);

INSERT INTO T_AM_ART_LANCA_HONORARIO
VALUES(SQ_AM_ART_LANCA_HONORARIO.NEXTVAL, 1, 12, 
       TO_DATE('21/01/2013','DD/MM/YYYY'), 3, NULL);

INSERT INTO T_AM_ART_LANCA_HONORARIO
VALUES(SQ_AM_ART_LANCA_HONORARIO.NEXTVAL, 4, 12, 
       TO_DATE('22/01/2013','DD/MM/YYYY'), 2, NULL);

INSERT INTO T_AM_ART_LANCA_HONORARIO
VALUES(SQ_AM_ART_LANCA_HONORARIO.NEXTVAL, 2, 12, 
       TO_DATE('23/01/2013','DD/MM/YYYY'), 3, NULL);

INSERT INTO T_AM_ART_LANCA_HONORARIO
VALUES(SQ_AM_ART_LANCA_HONORARIO.NEXTVAL, 2, 12, 
       TO_DATE('24/01/2013','DD/MM/YYYY'), 4, NULL);

INSERT INTO T_AM_ART_LANCA_HONORARIO
VALUES(SQ_AM_ART_LANCA_HONORARIO.NEXTVAL, 1, 12, 
       TO_DATE('25/01/2013','DD/MM/YYYY'), 2, NULL);

INSERT INTO T_AM_ART_LANCA_HONORARIO
VALUES(SQ_AM_ART_LANCA_HONORARIO.NEXTVAL, 4, 12, 
       TO_DATE('26/01/2013','DD/MM/YYYY'), 2, NULL);

INSERT INTO T_AM_ART_LANCA_HONORARIO
VALUES(SQ_AM_ART_LANCA_HONORARIO.NEXTVAL, 3, 12, 
       TO_DATE('27/01/2013','DD/MM/YYYY'), 1, NULL);

INSERT INTO T_AM_ART_LANCA_HONORARIO
VALUES(SQ_AM_ART_LANCA_HONORARIO.NEXTVAL, 3, 12, 
       TO_DATE('28/01/2013','DD/MM/YYYY'), 2, NULL);

INSERT INTO T_AM_ART_LANCA_HONORARIO
VALUES(SQ_AM_ART_LANCA_HONORARIO.NEXTVAL, 1, 13, 
       TO_DATE('28/02/2013','DD/MM/YYYY'), 2, NULL);

INSERT INTO T_AM_ART_LANCA_HONORARIO
VALUES(SQ_AM_ART_LANCA_HONORARIO.NEXTVAL, 3, 13, 
       TO_DATE('01/03/2013','DD/MM/YYYY'), 3, NULL);

INSERT INTO T_AM_ART_LANCA_HONORARIO
VALUES(SQ_AM_ART_LANCA_HONORARIO.NEXTVAL, 1, 13, 
       TO_DATE('02/03/2013','DD/MM/YYYY'), 3, NULL);

INSERT INTO T_AM_ART_LANCA_HONORARIO
VALUES(SQ_AM_ART_LANCA_HONORARIO.NEXTVAL, 4, 13, 
       TO_DATE('03/03/2013','DD/MM/YYYY'), 2, NULL);

INSERT INTO T_AM_ART_LANCA_HONORARIO
VALUES(SQ_AM_ART_LANCA_HONORARIO.NEXTVAL, 2, 13, 
       TO_DATE('04/03/2013','DD/MM/YYYY'), 3, NULL);

INSERT INTO T_AM_ART_LANCA_HONORARIO
VALUES(SQ_AM_ART_LANCA_HONORARIO.NEXTVAL, 2, 13, 
       TO_DATE('05/03/2013','DD/MM/YYYY'), 4, NULL);

INSERT INTO T_AM_ART_LANCA_HONORARIO
VALUES(SQ_AM_ART_LANCA_HONORARIO.NEXTVAL, 1, 13, 
       TO_DATE('06/03/2013','DD/MM/YYYY'), 2, NULL);

INSERT INTO T_AM_ART_LANCA_HONORARIO
VALUES(SQ_AM_ART_LANCA_HONORARIO.NEXTVAL, 4, 13, 
       TO_DATE('07/03/2013','DD/MM/YYYY'), 2, NULL);

INSERT INTO T_AM_ART_LANCA_HONORARIO
VALUES(SQ_AM_ART_LANCA_HONORARIO.NEXTVAL, 3, 13, 
       TO_DATE('08/03/2013','DD/MM/YYYY'), 1, NULL);

INSERT INTO T_AM_ART_LANCA_HONORARIO
VALUES(SQ_AM_ART_LANCA_HONORARIO.NEXTVAL, 3, 13, 
       TO_DATE('09/03/2013','DD/MM/YYYY'), 2, NULL);

INSERT INTO T_AM_ART_LANCA_HONORARIO
VALUES(SQ_AM_ART_LANCA_HONORARIO.NEXTVAL, 1, 14, 
       TO_DATE('26/03/2013','DD/MM/YYYY'), 2, NULL);

INSERT INTO T_AM_ART_LANCA_HONORARIO
VALUES(SQ_AM_ART_LANCA_HONORARIO.NEXTVAL, 3, 14, 
       TO_DATE('27/03/2013','DD/MM/YYYY'), 3, NULL);

INSERT INTO T_AM_ART_LANCA_HONORARIO
VALUES(SQ_AM_ART_LANCA_HONORARIO.NEXTVAL, 1, 14, 
       TO_DATE('28/03/2013','DD/MM/YYYY'), 3, NULL);

INSERT INTO T_AM_ART_LANCA_HONORARIO
VALUES(SQ_AM_ART_LANCA_HONORARIO.NEXTVAL, 4, 14, 
       TO_DATE('29/03/2013','DD/MM/YYYY'), 2, NULL);

INSERT INTO T_AM_ART_LANCA_HONORARIO
VALUES(SQ_AM_ART_LANCA_HONORARIO.NEXTVAL, 2, 14, 
       TO_DATE('30/03/2013','DD/MM/YYYY'), 3, NULL);

INSERT INTO T_AM_ART_LANCA_HONORARIO
VALUES(SQ_AM_ART_LANCA_HONORARIO.NEXTVAL, 2, 14, 
       TO_DATE('31/03/2013','DD/MM/YYYY'), 4, NULL);

INSERT INTO T_AM_ART_LANCA_HONORARIO
VALUES(SQ_AM_ART_LANCA_HONORARIO.NEXTVAL, 1, 14, 
       TO_DATE('01/04/2013','DD/MM/YYYY'), 2, NULL);

INSERT INTO T_AM_ART_LANCA_HONORARIO
VALUES(SQ_AM_ART_LANCA_HONORARIO.NEXTVAL, 4, 14, 
       TO_DATE('02/04/2013','DD/MM/YYYY'), 2, NULL);

INSERT INTO T_AM_ART_LANCA_HONORARIO
VALUES(SQ_AM_ART_LANCA_HONORARIO.NEXTVAL, 3, 14, 
       TO_DATE('03/04/2013','DD/MM/YYYY'), 1, NULL);

INSERT INTO T_AM_ART_LANCA_HONORARIO
VALUES(SQ_AM_ART_LANCA_HONORARIO.NEXTVAL, 3, 14, 
       TO_DATE('04/04/2013','DD/MM/YYYY'), 2, NULL);

INSERT INTO T_AM_ART_LANCA_HONORARIO
VALUES(SQ_AM_ART_LANCA_HONORARIO.NEXTVAL, 1, 15, 
       TO_DATE('15/04/2013','DD/MM/YYYY'), 2, NULL);

INSERT INTO T_AM_ART_LANCA_HONORARIO
VALUES(SQ_AM_ART_LANCA_HONORARIO.NEXTVAL, 3, 15, 
       TO_DATE('16/04/2013','DD/MM/YYYY'), 3, NULL);

INSERT INTO T_AM_ART_LANCA_HONORARIO
VALUES(SQ_AM_ART_LANCA_HONORARIO.NEXTVAL, 1, 15, 
       TO_DATE('17/04/2013','DD/MM/YYYY'), 3, NULL);

INSERT INTO T_AM_ART_LANCA_HONORARIO
VALUES(SQ_AM_ART_LANCA_HONORARIO.NEXTVAL, 4, 15, 
       TO_DATE('18/04/2013','DD/MM/YYYY'), 2, NULL);

INSERT INTO T_AM_ART_LANCA_HONORARIO
VALUES(SQ_AM_ART_LANCA_HONORARIO.NEXTVAL, 2, 15, 
       TO_DATE('19/04/2013','DD/MM/YYYY'), 3, NULL);

INSERT INTO T_AM_ART_LANCA_HONORARIO
VALUES(SQ_AM_ART_LANCA_HONORARIO.NEXTVAL, 2, 15, 
       TO_DATE('20/04/2013','DD/MM/YYYY'), 4, NULL);

INSERT INTO T_AM_ART_LANCA_HONORARIO
VALUES(SQ_AM_ART_LANCA_HONORARIO.NEXTVAL, 1, 15, 
       TO_DATE('21/04/2013','DD/MM/YYYY'), 2, NULL);

INSERT INTO T_AM_ART_LANCA_HONORARIO
VALUES(SQ_AM_ART_LANCA_HONORARIO.NEXTVAL, 4, 15, 
       TO_DATE('22/04/2013','DD/MM/YYYY'), 2, NULL);

INSERT INTO T_AM_ART_LANCA_HONORARIO
VALUES(SQ_AM_ART_LANCA_HONORARIO.NEXTVAL, 3, 15, 
       TO_DATE('23/04/2013','DD/MM/YYYY'), 1, NULL);

INSERT INTO T_AM_ART_LANCA_HONORARIO
VALUES(SQ_AM_ART_LANCA_HONORARIO.NEXTVAL, 3, 15, 
       TO_DATE('24/04/2013','DD/MM/YYYY'), 2, NULL);

INSERT INTO T_AM_ART_LANCA_HONORARIO
VALUES(SQ_AM_ART_LANCA_HONORARIO.NEXTVAL, 1, 16, 
       TO_DATE('29/05/2013','DD/MM/YYYY'), 2, NULL);

INSERT INTO T_AM_ART_LANCA_HONORARIO
VALUES(SQ_AM_ART_LANCA_HONORARIO.NEXTVAL, 3, 16, 
       TO_DATE('30/05/2013','DD/MM/YYYY'), 3, NULL);

INSERT INTO T_AM_ART_LANCA_HONORARIO
VALUES(SQ_AM_ART_LANCA_HONORARIO.NEXTVAL, 1, 16, 
       TO_DATE('31/05/2013','DD/MM/YYYY'), 3, NULL);

INSERT INTO T_AM_ART_LANCA_HONORARIO
VALUES(SQ_AM_ART_LANCA_HONORARIO.NEXTVAL, 4, 16, 
       TO_DATE('01/06/2013','DD/MM/YYYY'), 2, NULL);

INSERT INTO T_AM_ART_LANCA_HONORARIO
VALUES(SQ_AM_ART_LANCA_HONORARIO.NEXTVAL, 2, 16, 
       TO_DATE('02/06/2013','DD/MM/YYYY'), 3, NULL);

INSERT INTO T_AM_ART_LANCA_HONORARIO
VALUES(SQ_AM_ART_LANCA_HONORARIO.NEXTVAL, 2, 16, 
       TO_DATE('03/06/2013','DD/MM/YYYY'), 4, NULL);

INSERT INTO T_AM_ART_LANCA_HONORARIO
VALUES(SQ_AM_ART_LANCA_HONORARIO.NEXTVAL, 1, 16, 
       TO_DATE('04/06/2013','DD/MM/YYYY'), 2, NULL);

INSERT INTO T_AM_ART_LANCA_HONORARIO
VALUES(SQ_AM_ART_LANCA_HONORARIO.NEXTVAL, 4, 16, 
       TO_DATE('05/06/2013','DD/MM/YYYY'), 2, NULL);

INSERT INTO T_AM_ART_LANCA_HONORARIO
VALUES(SQ_AM_ART_LANCA_HONORARIO.NEXTVAL, 3, 16, 
       TO_DATE('06/06/2013','DD/MM/YYYY'), 1, NULL);

INSERT INTO T_AM_ART_LANCA_HONORARIO
VALUES(SQ_AM_ART_LANCA_HONORARIO.NEXTVAL, 3, 16, 
       TO_DATE('07/06/2013','DD/MM/YYYY'), 2, NULL);

INSERT INTO T_AM_ART_LANCA_HONORARIO
VALUES(SQ_AM_ART_LANCA_HONORARIO.NEXTVAL, 1, 17, 
       TO_DATE('22/06/2013','DD/MM/YYYY'), 2, NULL);

INSERT INTO T_AM_ART_LANCA_HONORARIO
VALUES(SQ_AM_ART_LANCA_HONORARIO.NEXTVAL, 3, 17, 
       TO_DATE('23/06/2013','DD/MM/YYYY'), 3, NULL);

INSERT INTO T_AM_ART_LANCA_HONORARIO
VALUES(SQ_AM_ART_LANCA_HONORARIO.NEXTVAL, 1, 17, 
       TO_DATE('24/06/2013','DD/MM/YYYY'), 3, NULL);

INSERT INTO T_AM_ART_LANCA_HONORARIO
VALUES(SQ_AM_ART_LANCA_HONORARIO.NEXTVAL, 4, 17, 
       TO_DATE('25/06/2013','DD/MM/YYYY'), 2, NULL);

INSERT INTO T_AM_ART_LANCA_HONORARIO
VALUES(SQ_AM_ART_LANCA_HONORARIO.NEXTVAL, 2, 17, 
       TO_DATE('26/06/2013','DD/MM/YYYY'), 3, NULL);

INSERT INTO T_AM_ART_LANCA_HONORARIO
VALUES(SQ_AM_ART_LANCA_HONORARIO.NEXTVAL, 2, 17, 
       TO_DATE('27/06/2013','DD/MM/YYYY'), 4, NULL);

INSERT INTO T_AM_ART_LANCA_HONORARIO
VALUES(SQ_AM_ART_LANCA_HONORARIO.NEXTVAL, 1, 17, 
       TO_DATE('28/06/2013','DD/MM/YYYY'), 2, NULL);

INSERT INTO T_AM_ART_LANCA_HONORARIO
VALUES(SQ_AM_ART_LANCA_HONORARIO.NEXTVAL, 4, 17, 
       TO_DATE('29/06/2013','DD/MM/YYYY'), 2, NULL);

INSERT INTO T_AM_ART_LANCA_HONORARIO
VALUES(SQ_AM_ART_LANCA_HONORARIO.NEXTVAL, 3, 17, 
       TO_DATE('30/06/2013','DD/MM/YYYY'), 1, NULL);

INSERT INTO T_AM_ART_LANCA_HONORARIO
VALUES(SQ_AM_ART_LANCA_HONORARIO.NEXTVAL, 3, 17, 
       TO_DATE('01/07/2013','DD/MM/YYYY'), 2, NULL);

INSERT INTO T_AM_ART_LANCA_HONORARIO
VALUES(SQ_AM_ART_LANCA_HONORARIO.NEXTVAL, 1, 18, 
       TO_DATE('04/07/2013','DD/MM/YYYY'), 2, NULL);

INSERT INTO T_AM_ART_LANCA_HONORARIO
VALUES(SQ_AM_ART_LANCA_HONORARIO.NEXTVAL, 3, 18, 
       TO_DATE('05/07/2013','DD/MM/YYYY'), 3, NULL);

INSERT INTO T_AM_ART_LANCA_HONORARIO
VALUES(SQ_AM_ART_LANCA_HONORARIO.NEXTVAL, 1, 18, 
       TO_DATE('06/07/2013','DD/MM/YYYY'), 3, NULL);

INSERT INTO T_AM_ART_LANCA_HONORARIO
VALUES(SQ_AM_ART_LANCA_HONORARIO.NEXTVAL, 4, 18, 
       TO_DATE('07/07/2013','DD/MM/YYYY'), 2, NULL);

INSERT INTO T_AM_ART_LANCA_HONORARIO
VALUES(SQ_AM_ART_LANCA_HONORARIO.NEXTVAL, 2, 18, 
       TO_DATE('08/07/2013','DD/MM/YYYY'), 3, NULL);

INSERT INTO T_AM_ART_LANCA_HONORARIO
VALUES(SQ_AM_ART_LANCA_HONORARIO.NEXTVAL, 2, 18, 
       TO_DATE('09/07/2013','DD/MM/YYYY'), 4, NULL);

INSERT INTO T_AM_ART_LANCA_HONORARIO
VALUES(SQ_AM_ART_LANCA_HONORARIO.NEXTVAL, 1, 18, 
       TO_DATE('10/07/2013','DD/MM/YYYY'), 2, NULL);

INSERT INTO T_AM_ART_LANCA_HONORARIO
VALUES(SQ_AM_ART_LANCA_HONORARIO.NEXTVAL, 4, 18, 
       TO_DATE('11/07/2013','DD/MM/YYYY'), 2, NULL);

INSERT INTO T_AM_ART_LANCA_HONORARIO
VALUES(SQ_AM_ART_LANCA_HONORARIO.NEXTVAL, 3, 18, 
       TO_DATE('12/07/2013','DD/MM/YYYY'), 1, NULL);

INSERT INTO T_AM_ART_LANCA_HONORARIO
VALUES(SQ_AM_ART_LANCA_HONORARIO.NEXTVAL, 3, 18, 
       TO_DATE('13/07/2013','DD/MM/YYYY'), 2, NULL);

INSERT INTO T_AM_ART_LANCA_HONORARIO
VALUES(SQ_AM_ART_LANCA_HONORARIO.NEXTVAL, 1, 19, 
       TO_DATE('23/08/2013','DD/MM/YYYY'), 2, NULL);

INSERT INTO T_AM_ART_LANCA_HONORARIO
VALUES(SQ_AM_ART_LANCA_HONORARIO.NEXTVAL, 3, 19, 
       TO_DATE('24/08/2013','DD/MM/YYYY'), 3, NULL);

INSERT INTO T_AM_ART_LANCA_HONORARIO
VALUES(SQ_AM_ART_LANCA_HONORARIO.NEXTVAL, 1, 19, 
       TO_DATE('25/08/2013','DD/MM/YYYY'), 3, NULL);

INSERT INTO T_AM_ART_LANCA_HONORARIO
VALUES(SQ_AM_ART_LANCA_HONORARIO.NEXTVAL, 4, 19, 
       TO_DATE('26/08/2013','DD/MM/YYYY'), 2, NULL);

INSERT INTO T_AM_ART_LANCA_HONORARIO
VALUES(SQ_AM_ART_LANCA_HONORARIO.NEXTVAL, 2, 19, 
       TO_DATE('27/08/2013','DD/MM/YYYY'), 3, NULL);

INSERT INTO T_AM_ART_LANCA_HONORARIO
VALUES(SQ_AM_ART_LANCA_HONORARIO.NEXTVAL, 2, 19, 
       TO_DATE('28/08/2013','DD/MM/YYYY'), 4, NULL);

INSERT INTO T_AM_ART_LANCA_HONORARIO
VALUES(SQ_AM_ART_LANCA_HONORARIO.NEXTVAL, 1, 19, 
       TO_DATE('29/08/2013','DD/MM/YYYY'), 2, NULL);

INSERT INTO T_AM_ART_LANCA_HONORARIO
VALUES(SQ_AM_ART_LANCA_HONORARIO.NEXTVAL, 4, 19, 
       TO_DATE('30/08/2013','DD/MM/YYYY'), 2, NULL);

INSERT INTO T_AM_ART_LANCA_HONORARIO
VALUES(SQ_AM_ART_LANCA_HONORARIO.NEXTVAL, 3, 19, 
       TO_DATE('31/08/2013','DD/MM/YYYY'), 1, NULL);

INSERT INTO T_AM_ART_LANCA_HONORARIO
VALUES(SQ_AM_ART_LANCA_HONORARIO.NEXTVAL, 3, 19, 
       TO_DATE('01/09/2013','DD/MM/YYYY'), 2, NULL);

INSERT INTO T_AM_ART_LANCA_HONORARIO
VALUES(SQ_AM_ART_LANCA_HONORARIO.NEXTVAL, 1, 20, 
       TO_DATE('19/09/2013','DD/MM/YYYY'), 2, NULL);

INSERT INTO T_AM_ART_LANCA_HONORARIO
VALUES(SQ_AM_ART_LANCA_HONORARIO.NEXTVAL, 3, 20, 
       TO_DATE('20/09/2013','DD/MM/YYYY'), 3, NULL);

INSERT INTO T_AM_ART_LANCA_HONORARIO
VALUES(SQ_AM_ART_LANCA_HONORARIO.NEXTVAL, 1, 20, 
       TO_DATE('21/09/2013','DD/MM/YYYY'), 3, NULL);

INSERT INTO T_AM_ART_LANCA_HONORARIO
VALUES(SQ_AM_ART_LANCA_HONORARIO.NEXTVAL, 4, 20, 
       TO_DATE('22/09/2013','DD/MM/YYYY'), 2, NULL);

INSERT INTO T_AM_ART_LANCA_HONORARIO
VALUES(SQ_AM_ART_LANCA_HONORARIO.NEXTVAL, 2, 20, 
       TO_DATE('23/09/2013','DD/MM/YYYY'), 3, NULL);

INSERT INTO T_AM_ART_LANCA_HONORARIO
VALUES(SQ_AM_ART_LANCA_HONORARIO.NEXTVAL, 2, 20, 
       TO_DATE('24/09/2013','DD/MM/YYYY'), 4, NULL);

INSERT INTO T_AM_ART_LANCA_HONORARIO
VALUES(SQ_AM_ART_LANCA_HONORARIO.NEXTVAL, 1, 20, 
       TO_DATE('25/09/2013','DD/MM/YYYY'), 2, NULL);

INSERT INTO T_AM_ART_LANCA_HONORARIO
VALUES(SQ_AM_ART_LANCA_HONORARIO.NEXTVAL, 4, 20, 
       TO_DATE('26/09/2013','DD/MM/YYYY'), 2, NULL);

INSERT INTO T_AM_ART_LANCA_HONORARIO
VALUES(SQ_AM_ART_LANCA_HONORARIO.NEXTVAL, 3, 20, 
       TO_DATE('27/09/2013','DD/MM/YYYY'), 1, NULL);

INSERT INTO T_AM_ART_LANCA_HONORARIO
VALUES(SQ_AM_ART_LANCA_HONORARIO.NEXTVAL, 3, 20, 
       TO_DATE('28/09/2013','DD/MM/YYYY'), 2, NULL);

INSERT INTO T_AM_ART_LANCA_HONORARIO
VALUES(SQ_AM_ART_LANCA_HONORARIO.NEXTVAL, 1, 21, 
       TO_DATE('23/10/2013','DD/MM/YYYY'), 2, NULL);

INSERT INTO T_AM_ART_LANCA_HONORARIO
VALUES(SQ_AM_ART_LANCA_HONORARIO.NEXTVAL, 3, 21, 
       TO_DATE('24/10/2013','DD/MM/YYYY'), 3, NULL);

INSERT INTO T_AM_ART_LANCA_HONORARIO
VALUES(SQ_AM_ART_LANCA_HONORARIO.NEXTVAL, 1, 21, 
       TO_DATE('25/10/2013','DD/MM/YYYY'), 3, NULL);

INSERT INTO T_AM_ART_LANCA_HONORARIO
VALUES(SQ_AM_ART_LANCA_HONORARIO.NEXTVAL, 4, 21, 
       TO_DATE('26/10/2013','DD/MM/YYYY'), 2, NULL);

INSERT INTO T_AM_ART_LANCA_HONORARIO
VALUES(SQ_AM_ART_LANCA_HONORARIO.NEXTVAL, 2, 21, 
       TO_DATE('27/10/2013','DD/MM/YYYY'), 3, NULL);

INSERT INTO T_AM_ART_LANCA_HONORARIO
VALUES(SQ_AM_ART_LANCA_HONORARIO.NEXTVAL, 2, 21, 
       TO_DATE('28/10/2013','DD/MM/YYYY'), 4, NULL);

INSERT INTO T_AM_ART_LANCA_HONORARIO
VALUES(SQ_AM_ART_LANCA_HONORARIO.NEXTVAL, 1, 21, 
       TO_DATE('29/10/2013','DD/MM/YYYY'), 2, NULL);

INSERT INTO T_AM_ART_LANCA_HONORARIO
VALUES(SQ_AM_ART_LANCA_HONORARIO.NEXTVAL, 4, 21, 
       TO_DATE('30/10/2013','DD/MM/YYYY'), 2, NULL);

INSERT INTO T_AM_ART_LANCA_HONORARIO
VALUES(SQ_AM_ART_LANCA_HONORARIO.NEXTVAL, 3, 21, 
       TO_DATE('31/10/2013','DD/MM/YYYY'), 1, NULL);

INSERT INTO T_AM_ART_LANCA_HONORARIO
VALUES(SQ_AM_ART_LANCA_HONORARIO.NEXTVAL, 3, 21, 
       TO_DATE('01/11/2013','DD/MM/YYYY'), 2, NULL);

INSERT INTO T_AM_ART_LANCA_HONORARIO
VALUES(SQ_AM_ART_LANCA_HONORARIO.NEXTVAL, 1, 22, 
       TO_DATE('16/11/2013','DD/MM/YYYY'), 2, NULL);

INSERT INTO T_AM_ART_LANCA_HONORARIO
VALUES(SQ_AM_ART_LANCA_HONORARIO.NEXTVAL, 3, 22, 
       TO_DATE('17/11/2013','DD/MM/YYYY'), 3, NULL);

INSERT INTO T_AM_ART_LANCA_HONORARIO
VALUES(SQ_AM_ART_LANCA_HONORARIO.NEXTVAL, 1, 22, 
       TO_DATE('18/11/2013','DD/MM/YYYY'), 3, NULL);

INSERT INTO T_AM_ART_LANCA_HONORARIO
VALUES(SQ_AM_ART_LANCA_HONORARIO.NEXTVAL, 4, 22, 
       TO_DATE('19/11/2013','DD/MM/YYYY'), 2, NULL);

INSERT INTO T_AM_ART_LANCA_HONORARIO
VALUES(SQ_AM_ART_LANCA_HONORARIO.NEXTVAL, 2, 22, 
       TO_DATE('20/11/2013','DD/MM/YYYY'), 3, NULL);

INSERT INTO T_AM_ART_LANCA_HONORARIO
VALUES(SQ_AM_ART_LANCA_HONORARIO.NEXTVAL, 2, 22, 
       TO_DATE('21/11/2013','DD/MM/YYYY'), 4, NULL);

INSERT INTO T_AM_ART_LANCA_HONORARIO
VALUES(SQ_AM_ART_LANCA_HONORARIO.NEXTVAL, 1, 22, 
       TO_DATE('22/11/2013','DD/MM/YYYY'), 2, NULL);

INSERT INTO T_AM_ART_LANCA_HONORARIO
VALUES(SQ_AM_ART_LANCA_HONORARIO.NEXTVAL, 4, 22, 
       TO_DATE('23/11/2013','DD/MM/YYYY'), 2, NULL);

INSERT INTO T_AM_ART_LANCA_HONORARIO
VALUES(SQ_AM_ART_LANCA_HONORARIO.NEXTVAL, 3, 22, 
       TO_DATE('24/11/2013','DD/MM/YYYY'), 1, NULL);

INSERT INTO T_AM_ART_LANCA_HONORARIO
VALUES(SQ_AM_ART_LANCA_HONORARIO.NEXTVAL, 3, 22, 
       TO_DATE('25/11/2013','DD/MM/YYYY'), 2, NULL);

INSERT INTO T_AM_ART_LANCA_HONORARIO
VALUES(SQ_AM_ART_LANCA_HONORARIO.NEXTVAL, 1, 23, 
       TO_DATE('24/01/2013','DD/MM/YYYY'), 2, NULL);

INSERT INTO T_AM_ART_LANCA_HONORARIO
VALUES(SQ_AM_ART_LANCA_HONORARIO.NEXTVAL, 3, 23, 
       TO_DATE('25/01/2013','DD/MM/YYYY'), 3, NULL);

INSERT INTO T_AM_ART_LANCA_HONORARIO
VALUES(SQ_AM_ART_LANCA_HONORARIO.NEXTVAL, 1, 23, 
       TO_DATE('26/01/2013','DD/MM/YYYY'), 3, NULL);

INSERT INTO T_AM_ART_LANCA_HONORARIO
VALUES(SQ_AM_ART_LANCA_HONORARIO.NEXTVAL, 4, 23, 
       TO_DATE('27/01/2013','DD/MM/YYYY'), 2, NULL);

INSERT INTO T_AM_ART_LANCA_HONORARIO
VALUES(SQ_AM_ART_LANCA_HONORARIO.NEXTVAL, 2, 23, 
       TO_DATE('28/01/2013','DD/MM/YYYY'), 3, NULL);

INSERT INTO T_AM_ART_LANCA_HONORARIO
VALUES(SQ_AM_ART_LANCA_HONORARIO.NEXTVAL, 2, 23, 
       TO_DATE('29/01/2013','DD/MM/YYYY'), 4, NULL);

INSERT INTO T_AM_ART_LANCA_HONORARIO
VALUES(SQ_AM_ART_LANCA_HONORARIO.NEXTVAL, 1, 23, 
       TO_DATE('30/01/2013','DD/MM/YYYY'), 2, NULL);

INSERT INTO T_AM_ART_LANCA_HONORARIO
VALUES(SQ_AM_ART_LANCA_HONORARIO.NEXTVAL, 4, 23, 
       TO_DATE('31/01/2013','DD/MM/YYYY'), 2, NULL);

INSERT INTO T_AM_ART_LANCA_HONORARIO
VALUES(SQ_AM_ART_LANCA_HONORARIO.NEXTVAL, 3, 23, 
       TO_DATE('01/02/2013','DD/MM/YYYY'), 1, NULL);

INSERT INTO T_AM_ART_LANCA_HONORARIO
VALUES(SQ_AM_ART_LANCA_HONORARIO.NEXTVAL, 3, 23, 
       TO_DATE('02/02/2013','DD/MM/YYYY'), 2, NULL);

INSERT INTO T_AM_ART_LANCA_HONORARIO
VALUES(SQ_AM_ART_LANCA_HONORARIO.NEXTVAL, 1, 24, 
       TO_DATE('26/02/2013','DD/MM/YYYY'), 2, NULL);

INSERT INTO T_AM_ART_LANCA_HONORARIO
VALUES(SQ_AM_ART_LANCA_HONORARIO.NEXTVAL, 3, 24, 
       TO_DATE('27/02/2013','DD/MM/YYYY'), 3, NULL);

INSERT INTO T_AM_ART_LANCA_HONORARIO
VALUES(SQ_AM_ART_LANCA_HONORARIO.NEXTVAL, 1, 24, 
       TO_DATE('28/02/2013','DD/MM/YYYY'), 3, NULL);

INSERT INTO T_AM_ART_LANCA_HONORARIO
VALUES(SQ_AM_ART_LANCA_HONORARIO.NEXTVAL, 4, 24, 
       TO_DATE('01/03/2013','DD/MM/YYYY'), 2, NULL);

INSERT INTO T_AM_ART_LANCA_HONORARIO
VALUES(SQ_AM_ART_LANCA_HONORARIO.NEXTVAL, 2, 24, 
       TO_DATE('02/03/2013','DD/MM/YYYY'), 3, NULL);

INSERT INTO T_AM_ART_LANCA_HONORARIO
VALUES(SQ_AM_ART_LANCA_HONORARIO.NEXTVAL, 2, 24, 
       TO_DATE('03/03/2013','DD/MM/YYYY'), 4, NULL);

INSERT INTO T_AM_ART_LANCA_HONORARIO
VALUES(SQ_AM_ART_LANCA_HONORARIO.NEXTVAL, 1, 24, 
       TO_DATE('04/03/2013','DD/MM/YYYY'), 2, NULL);

INSERT INTO T_AM_ART_LANCA_HONORARIO
VALUES(SQ_AM_ART_LANCA_HONORARIO.NEXTVAL, 4, 24, 
       TO_DATE('05/03/2013','DD/MM/YYYY'), 2, NULL);

INSERT INTO T_AM_ART_LANCA_HONORARIO
VALUES(SQ_AM_ART_LANCA_HONORARIO.NEXTVAL, 3, 24, 
       TO_DATE('06/03/2013','DD/MM/YYYY'), 1, NULL);

INSERT INTO T_AM_ART_LANCA_HONORARIO
VALUES(SQ_AM_ART_LANCA_HONORARIO.NEXTVAL, 3, 24, 
       TO_DATE('07/03/2013','DD/MM/YYYY'), 2, NULL);

INSERT INTO T_AM_ART_LANCA_HONORARIO
VALUES(SQ_AM_ART_LANCA_HONORARIO.NEXTVAL, 1, 25, 
       TO_DATE('25/03/2013','DD/MM/YYYY'), 2, NULL);

INSERT INTO T_AM_ART_LANCA_HONORARIO
VALUES(SQ_AM_ART_LANCA_HONORARIO.NEXTVAL, 3, 25, 
       TO_DATE('26/03/2013','DD/MM/YYYY'), 3, NULL);

INSERT INTO T_AM_ART_LANCA_HONORARIO
VALUES(SQ_AM_ART_LANCA_HONORARIO.NEXTVAL, 1, 25, 
       TO_DATE('27/03/2013','DD/MM/YYYY'), 3, NULL);

INSERT INTO T_AM_ART_LANCA_HONORARIO
VALUES(SQ_AM_ART_LANCA_HONORARIO.NEXTVAL, 4, 25, 
       TO_DATE('28/03/2013','DD/MM/YYYY'), 2, NULL);

INSERT INTO T_AM_ART_LANCA_HONORARIO
VALUES(SQ_AM_ART_LANCA_HONORARIO.NEXTVAL, 2, 25, 
       TO_DATE('29/03/2013','DD/MM/YYYY'), 3, NULL);

INSERT INTO T_AM_ART_LANCA_HONORARIO
VALUES(SQ_AM_ART_LANCA_HONORARIO.NEXTVAL, 2, 25, 
       TO_DATE('30/03/2013','DD/MM/YYYY'), 4, NULL);

INSERT INTO T_AM_ART_LANCA_HONORARIO
VALUES(SQ_AM_ART_LANCA_HONORARIO.NEXTVAL, 1, 25, 
       TO_DATE('31/03/2013','DD/MM/YYYY'), 2, NULL);

INSERT INTO T_AM_ART_LANCA_HONORARIO
VALUES(SQ_AM_ART_LANCA_HONORARIO.NEXTVAL, 4, 25, 
       TO_DATE('01/04/2013','DD/MM/YYYY'), 2, NULL);

INSERT INTO T_AM_ART_LANCA_HONORARIO
VALUES(SQ_AM_ART_LANCA_HONORARIO.NEXTVAL, 3, 25, 
       TO_DATE('02/04/2013','DD/MM/YYYY'), 1, NULL);

INSERT INTO T_AM_ART_LANCA_HONORARIO
VALUES(SQ_AM_ART_LANCA_HONORARIO.NEXTVAL, 3, 25, 
       TO_DATE('03/04/2013','DD/MM/YYYY'), 2, NULL);

SELECT * FROM T_AM_ART_LANCA_HONORARIO;
COMMIT;

-- 23) TABELA: LANCA_DESPESA

INSERT INTO T_AM_ART_LANCA_DESPESA
VALUES(SQ_AM_ART_LANCA_DESPESA.NEXTVAL, 1, 1,
       TO_DATE('21/01/2013','DD/MM/YYYY'), 1.5, NULL);

INSERT INTO T_AM_ART_LANCA_DESPESA
VALUES(SQ_AM_ART_LANCA_DESPESA.NEXTVAL, 2, 1,
       TO_DATE('22/01/2013','DD/MM/YYYY'),9.5, NULL);
       
INSERT INTO T_AM_ART_LANCA_DESPESA
VALUES(SQ_AM_ART_LANCA_DESPESA.NEXTVAL, 1, 1,
       TO_DATE('23/01/2013','DD/MM/YYYY'), 1.5, NULL);
       
INSERT INTO T_AM_ART_LANCA_DESPESA
VALUES(SQ_AM_ART_LANCA_DESPESA.NEXTVAL, 6, 1,
       TO_DATE('24/01/2013','DD/MM/YYYY'), 7, NULL);
       
INSERT INTO T_AM_ART_LANCA_DESPESA
VALUES(SQ_AM_ART_LANCA_DESPESA.NEXTVAL, 4, 1,
       TO_DATE('25/01/2013','DD/MM/YYYY'), 12.5, NULL);

INSERT INTO T_AM_ART_LANCA_DESPESA
VALUES(SQ_AM_ART_LANCA_DESPESA.NEXTVAL, 5, 1,
       TO_DATE('26/01/2013','DD/MM/YYYY'), 2.5, NULL);
       
INSERT INTO T_AM_ART_LANCA_DESPESA
VALUES(SQ_AM_ART_LANCA_DESPESA.NEXTVAL, 1, 1,
       TO_DATE('27/01/2013','DD/MM/YYYY'), 1.5, NULL);
       
INSERT INTO T_AM_ART_LANCA_DESPESA
VALUES(SQ_AM_ART_LANCA_DESPESA.NEXTVAL, 2, 1,
       TO_DATE('29/01/2013','DD/MM/YYYY'), 8.5, NULL);
       
INSERT INTO T_AM_ART_LANCA_DESPESA
VALUES(SQ_AM_ART_LANCA_DESPESA.NEXTVAL, 3, 1,
       TO_DATE('01/02/2013','DD/MM/YYYY'), 14, NULL);

INSERT INTO T_AM_ART_LANCA_DESPESA
VALUES(SQ_AM_ART_LANCA_DESPESA.NEXTVAL, 6, 1,
       TO_DATE('02/02/2013','DD/MM/YYYY'), 4, NULL);
       
INSERT INTO T_AM_ART_LANCA_DESPESA
VALUES(SQ_AM_ART_LANCA_DESPESA.NEXTVAL, 1, 2,
       TO_DATE('26/02/2013','DD/MM/YYYY'), 1.5, NULL);

INSERT INTO T_AM_ART_LANCA_DESPESA
VALUES(SQ_AM_ART_LANCA_DESPESA.NEXTVAL, 2, 2,
       TO_DATE('27/02/2013','DD/MM/YYYY'),9.5, NULL);
       
INSERT INTO T_AM_ART_LANCA_DESPESA
VALUES(SQ_AM_ART_LANCA_DESPESA.NEXTVAL, 1, 2,
       TO_DATE('28/02/2013','DD/MM/YYYY'), 1.5, NULL);
       
INSERT INTO T_AM_ART_LANCA_DESPESA
VALUES(SQ_AM_ART_LANCA_DESPESA.NEXTVAL, 6, 2,
       TO_DATE('01/03/2013','DD/MM/YYYY'), 7, NULL);
       
INSERT INTO T_AM_ART_LANCA_DESPESA
VALUES(SQ_AM_ART_LANCA_DESPESA.NEXTVAL, 4, 2,
       TO_DATE('02/03/2013','DD/MM/YYYY'), 12.5, NULL);

INSERT INTO T_AM_ART_LANCA_DESPESA
VALUES(SQ_AM_ART_LANCA_DESPESA.NEXTVAL, 5, 2,
       TO_DATE('03/03/2013','DD/MM/YYYY'), 2.5, NULL);
       
INSERT INTO T_AM_ART_LANCA_DESPESA
VALUES(SQ_AM_ART_LANCA_DESPESA.NEXTVAL, 1, 2,
       TO_DATE('04/03/2013','DD/MM/YYYY'), 1.5, NULL);
       
INSERT INTO T_AM_ART_LANCA_DESPESA
VALUES(SQ_AM_ART_LANCA_DESPESA.NEXTVAL, 2, 2,
       TO_DATE('05/03/2013','DD/MM/YYYY'), 8.5, NULL);
       
INSERT INTO T_AM_ART_LANCA_DESPESA
VALUES(SQ_AM_ART_LANCA_DESPESA.NEXTVAL, 3, 2,
       TO_DATE('06/03/2013','DD/MM/YYYY'), 14, NULL);

INSERT INTO T_AM_ART_LANCA_DESPESA
VALUES(SQ_AM_ART_LANCA_DESPESA.NEXTVAL, 6, 2,
       TO_DATE('07/03/2013','DD/MM/YYYY'), 4, NULL);
       
INSERT INTO T_AM_ART_LANCA_DESPESA
VALUES(SQ_AM_ART_LANCA_DESPESA.NEXTVAL, 1, 3,
       TO_DATE('16/03/2013','DD/MM/YYYY'), 1.5, NULL);

INSERT INTO T_AM_ART_LANCA_DESPESA
VALUES(SQ_AM_ART_LANCA_DESPESA.NEXTVAL, 2, 3,
       TO_DATE('17/03/2013','DD/MM/YYYY'),9.5, NULL);
       
INSERT INTO T_AM_ART_LANCA_DESPESA
VALUES(SQ_AM_ART_LANCA_DESPESA.NEXTVAL, 1, 3,
       TO_DATE('19/03/2013','DD/MM/YYYY'), 1.5, NULL);
       
INSERT INTO T_AM_ART_LANCA_DESPESA
VALUES(SQ_AM_ART_LANCA_DESPESA.NEXTVAL, 6, 3,
       TO_DATE('21/03/2013','DD/MM/YYYY'), 7, NULL);
       
INSERT INTO T_AM_ART_LANCA_DESPESA
VALUES(SQ_AM_ART_LANCA_DESPESA.NEXTVAL, 4, 3,
       TO_DATE('22/03/2013','DD/MM/YYYY'), 12.5, NULL);

INSERT INTO T_AM_ART_LANCA_DESPESA
VALUES(SQ_AM_ART_LANCA_DESPESA.NEXTVAL, 5, 3,
       TO_DATE('24/03/2013','DD/MM/YYYY'), 2.5, NULL);
       
INSERT INTO T_AM_ART_LANCA_DESPESA
VALUES(SQ_AM_ART_LANCA_DESPESA.NEXTVAL, 1, 3,
       TO_DATE('25/03/2013','DD/MM/YYYY'), 1.5, NULL);
       
INSERT INTO T_AM_ART_LANCA_DESPESA
VALUES(SQ_AM_ART_LANCA_DESPESA.NEXTVAL, 2, 3,
       TO_DATE('26/03/2013','DD/MM/YYYY'), 8.5, NULL);
       
INSERT INTO T_AM_ART_LANCA_DESPESA
VALUES(SQ_AM_ART_LANCA_DESPESA.NEXTVAL, 3, 3,
       TO_DATE('27/03/2013','DD/MM/YYYY'), 14, NULL);

INSERT INTO T_AM_ART_LANCA_DESPESA
VALUES(SQ_AM_ART_LANCA_DESPESA.NEXTVAL, 6, 3,
       TO_DATE('28/03/2013','DD/MM/YYYY'), 4, NULL);
       
INSERT INTO T_AM_ART_LANCA_DESPESA
VALUES(SQ_AM_ART_LANCA_DESPESA.NEXTVAL, 1, 4,
       TO_DATE('23/04/2013','DD/MM/YYYY'), 1.5, NULL);

INSERT INTO T_AM_ART_LANCA_DESPESA
VALUES(SQ_AM_ART_LANCA_DESPESA.NEXTVAL, 2, 4,
       TO_DATE('24/04/2013','DD/MM/YYYY'),9.5, NULL);

INSERT INTO T_AM_ART_LANCA_DESPESA
VALUES(SQ_AM_ART_LANCA_DESPESA.NEXTVAL, 1, 4,
       TO_DATE('25/04/2013','DD/MM/YYYY'), 1.5, NULL);
       
INSERT INTO T_AM_ART_LANCA_DESPESA
VALUES(SQ_AM_ART_LANCA_DESPESA.NEXTVAL, 6, 4,
       TO_DATE('26/04/2013','DD/MM/YYYY'), 7, NULL);
       
INSERT INTO T_AM_ART_LANCA_DESPESA
VALUES(SQ_AM_ART_LANCA_DESPESA.NEXTVAL, 4, 4,
       TO_DATE('27/04/2013','DD/MM/YYYY'), 12.5, NULL);

INSERT INTO T_AM_ART_LANCA_DESPESA
VALUES(SQ_AM_ART_LANCA_DESPESA.NEXTVAL, 5, 4,
       TO_DATE('29/04/2013','DD/MM/YYYY'), 2.5, NULL);
       
INSERT INTO T_AM_ART_LANCA_DESPESA
VALUES(SQ_AM_ART_LANCA_DESPESA.NEXTVAL, 1, 4,
       TO_DATE('30/04/2013','DD/MM/YYYY'), 1.5, NULL);
       
INSERT INTO T_AM_ART_LANCA_DESPESA
VALUES(SQ_AM_ART_LANCA_DESPESA.NEXTVAL, 2, 4,
       TO_DATE('02/05/2013','DD/MM/YYYY'), 8.5, NULL);
       
INSERT INTO T_AM_ART_LANCA_DESPESA
VALUES(SQ_AM_ART_LANCA_DESPESA.NEXTVAL, 3, 4,
       TO_DATE('03/05/2013','DD/MM/YYYY'), 14, NULL);

INSERT INTO T_AM_ART_LANCA_DESPESA
VALUES(SQ_AM_ART_LANCA_DESPESA.NEXTVAL, 6, 4,
       TO_DATE('04/05/2013','DD/MM/YYYY'), 4, NULL);

INSERT INTO T_AM_ART_LANCA_DESPESA
VALUES(SQ_AM_ART_LANCA_DESPESA.NEXTVAL, 1, 5,
       TO_DATE('16/05/2013','DD/MM/YYYY'), 1.5, NULL);

INSERT INTO T_AM_ART_LANCA_DESPESA
VALUES(SQ_AM_ART_LANCA_DESPESA.NEXTVAL, 2, 5,
       TO_DATE('17/05/2013','DD/MM/YYYY'),9.5, NULL);

INSERT INTO T_AM_ART_LANCA_DESPESA
VALUES(SQ_AM_ART_LANCA_DESPESA.NEXTVAL, 1, 5,
       TO_DATE('19/05/2013','DD/MM/YYYY'), 1.5, NULL);
       
INSERT INTO T_AM_ART_LANCA_DESPESA
VALUES(SQ_AM_ART_LANCA_DESPESA.NEXTVAL, 6, 5,
       TO_DATE('20/05/2013','DD/MM/YYYY'), 7, NULL);
       
INSERT INTO T_AM_ART_LANCA_DESPESA
VALUES(SQ_AM_ART_LANCA_DESPESA.NEXTVAL, 4, 5,
       TO_DATE('21/05/2013','DD/MM/YYYY'), 12.5, NULL);

INSERT INTO T_AM_ART_LANCA_DESPESA
VALUES(SQ_AM_ART_LANCA_DESPESA.NEXTVAL, 5, 5,
       TO_DATE('22/05/2013','DD/MM/YYYY'), 2.5, NULL);
       
INSERT INTO T_AM_ART_LANCA_DESPESA
VALUES(SQ_AM_ART_LANCA_DESPESA.NEXTVAL, 1, 5,
       TO_DATE('24/05/2013','DD/MM/YYYY'), 1.5, NULL);
       
INSERT INTO T_AM_ART_LANCA_DESPESA
VALUES(SQ_AM_ART_LANCA_DESPESA.NEXTVAL, 2, 5,
       TO_DATE('26/05/2013','DD/MM/YYYY'), 8.5, NULL);
       
INSERT INTO T_AM_ART_LANCA_DESPESA
VALUES(SQ_AM_ART_LANCA_DESPESA.NEXTVAL, 3, 5,
       TO_DATE('27/05/2013','DD/MM/YYYY'), 14, NULL);

INSERT INTO T_AM_ART_LANCA_DESPESA
VALUES(SQ_AM_ART_LANCA_DESPESA.NEXTVAL, 6, 5,
       TO_DATE('28/05/2013','DD/MM/YYYY'), 4, NULL);

INSERT INTO T_AM_ART_LANCA_DESPESA
VALUES(SQ_AM_ART_LANCA_DESPESA.NEXTVAL, 1, 6,
       TO_DATE('14/06/2013','DD/MM/YYYY'), 1.5, NULL);

INSERT INTO T_AM_ART_LANCA_DESPESA
VALUES(SQ_AM_ART_LANCA_DESPESA.NEXTVAL, 2, 6,
       TO_DATE('15/06/2013','DD/MM/YYYY'),9.5, NULL);
       
INSERT INTO T_AM_ART_LANCA_DESPESA
VALUES(SQ_AM_ART_LANCA_DESPESA.NEXTVAL, 1, 6,
       TO_DATE('16/06/2013','DD/MM/YYYY'), 1.5, NULL);
       
INSERT INTO T_AM_ART_LANCA_DESPESA
VALUES(SQ_AM_ART_LANCA_DESPESA.NEXTVAL, 6, 6,
       TO_DATE('17/06/2013','DD/MM/YYYY'), 7, NULL);
       
INSERT INTO T_AM_ART_LANCA_DESPESA
VALUES(SQ_AM_ART_LANCA_DESPESA.NEXTVAL, 4, 6,
       TO_DATE('18/06/2013','DD/MM/YYYY'), 12.5, NULL);

INSERT INTO T_AM_ART_LANCA_DESPESA
VALUES(SQ_AM_ART_LANCA_DESPESA.NEXTVAL, 5, 6,
       TO_DATE('19/06/2013','DD/MM/YYYY'), 2.5, NULL);
       
INSERT INTO T_AM_ART_LANCA_DESPESA
VALUES(SQ_AM_ART_LANCA_DESPESA.NEXTVAL, 1, 6,
       TO_DATE('20/06/2013','DD/MM/YYYY'), 1.5, NULL);
       
INSERT INTO T_AM_ART_LANCA_DESPESA
VALUES(SQ_AM_ART_LANCA_DESPESA.NEXTVAL, 2, 6,
       TO_DATE('21/06/2013','DD/MM/YYYY'), 8.5, NULL);
       
INSERT INTO T_AM_ART_LANCA_DESPESA
VALUES(SQ_AM_ART_LANCA_DESPESA.NEXTVAL, 3, 6,
       TO_DATE('22/06/2013','DD/MM/YYYY'), 14, NULL);

INSERT INTO T_AM_ART_LANCA_DESPESA
VALUES(SQ_AM_ART_LANCA_DESPESA.NEXTVAL, 6, 6,
       TO_DATE('26/06/2013','DD/MM/YYYY'), 4, NULL);
       
INSERT INTO T_AM_ART_LANCA_DESPESA
VALUES(SQ_AM_ART_LANCA_DESPESA.NEXTVAL, 1, 7,
       TO_DATE('16/07/2013','DD/MM/YYYY'), 1.5, NULL);

INSERT INTO T_AM_ART_LANCA_DESPESA
VALUES(SQ_AM_ART_LANCA_DESPESA.NEXTVAL, 2, 7,
       TO_DATE('17/07/2013','DD/MM/YYYY'),9.5, NULL);
       
INSERT INTO T_AM_ART_LANCA_DESPESA
VALUES(SQ_AM_ART_LANCA_DESPESA.NEXTVAL, 1, 7,
       TO_DATE('19/07/2013','DD/MM/YYYY'), 1.5, NULL);
       
INSERT INTO T_AM_ART_LANCA_DESPESA
VALUES(SQ_AM_ART_LANCA_DESPESA.NEXTVAL, 6, 7,
       TO_DATE('20/07/2013','DD/MM/YYYY'), 7, NULL);
       
INSERT INTO T_AM_ART_LANCA_DESPESA
VALUES(SQ_AM_ART_LANCA_DESPESA.NEXTVAL, 4, 7,
       TO_DATE('21/07/2013','DD/MM/YYYY'), 12.5, NULL);

INSERT INTO T_AM_ART_LANCA_DESPESA
VALUES(SQ_AM_ART_LANCA_DESPESA.NEXTVAL, 5, 7,
       TO_DATE('22/07/2013','DD/MM/YYYY'), 2.5, NULL);
       
INSERT INTO T_AM_ART_LANCA_DESPESA
VALUES(SQ_AM_ART_LANCA_DESPESA.NEXTVAL, 1, 7,
       TO_DATE('23/07/2013','DD/MM/YYYY'), 1.5, NULL);
       
INSERT INTO T_AM_ART_LANCA_DESPESA
VALUES(SQ_AM_ART_LANCA_DESPESA.NEXTVAL, 2, 7,
       TO_DATE('24/07/2013','DD/MM/YYYY'), 8.5, NULL);
       
INSERT INTO T_AM_ART_LANCA_DESPESA
VALUES(SQ_AM_ART_LANCA_DESPESA.NEXTVAL, 3, 7,
       TO_DATE('25/07/2013','DD/MM/YYYY'), 14, NULL);

INSERT INTO T_AM_ART_LANCA_DESPESA
VALUES(SQ_AM_ART_LANCA_DESPESA.NEXTVAL, 6, 7,
       TO_DATE('26/07/2013','DD/MM/YYYY'), 4, NULL);

INSERT INTO T_AM_ART_LANCA_DESPESA
VALUES(SQ_AM_ART_LANCA_DESPESA.NEXTVAL, 1, 8,
       TO_DATE('29/08/2013','DD/MM/YYYY'), 1.5, NULL);

INSERT INTO T_AM_ART_LANCA_DESPESA
VALUES(SQ_AM_ART_LANCA_DESPESA.NEXTVAL, 2, 8,
       TO_DATE('30/08/2013','DD/MM/YYYY'),9.5, NULL);
       
INSERT INTO T_AM_ART_LANCA_DESPESA
VALUES(SQ_AM_ART_LANCA_DESPESA.NEXTVAL, 1, 8,
       TO_DATE('01/09/2013','DD/MM/YYYY'), 1.5, NULL);
       
INSERT INTO T_AM_ART_LANCA_DESPESA
VALUES(SQ_AM_ART_LANCA_DESPESA.NEXTVAL, 6, 8,
       TO_DATE('02/09/2013','DD/MM/YYYY'), 7, NULL);
       
INSERT INTO T_AM_ART_LANCA_DESPESA
VALUES(SQ_AM_ART_LANCA_DESPESA.NEXTVAL, 4, 8,
       TO_DATE('03/09/2013','DD/MM/YYYY'), 12.5, NULL);

INSERT INTO T_AM_ART_LANCA_DESPESA
VALUES(SQ_AM_ART_LANCA_DESPESA.NEXTVAL, 5, 8,
       TO_DATE('04/09/2013','DD/MM/YYYY'), 2.5, NULL);
       
INSERT INTO T_AM_ART_LANCA_DESPESA
VALUES(SQ_AM_ART_LANCA_DESPESA.NEXTVAL, 1, 8,
       TO_DATE('05/09/2013','DD/MM/YYYY'), 1.5, NULL);
       
INSERT INTO T_AM_ART_LANCA_DESPESA
VALUES(SQ_AM_ART_LANCA_DESPESA.NEXTVAL, 2, 8,
       TO_DATE('06/09/2013','DD/MM/YYYY'), 8.5, NULL);
       
INSERT INTO T_AM_ART_LANCA_DESPESA
VALUES(SQ_AM_ART_LANCA_DESPESA.NEXTVAL, 3, 8,
       TO_DATE('07/09/2013','DD/MM/YYYY'), 14, NULL);

INSERT INTO T_AM_ART_LANCA_DESPESA
VALUES(SQ_AM_ART_LANCA_DESPESA.NEXTVAL, 6, 8,
       TO_DATE('08/09/2013','DD/MM/YYYY'), 4, NULL);

INSERT INTO T_AM_ART_LANCA_DESPESA
VALUES(SQ_AM_ART_LANCA_DESPESA.NEXTVAL, 1, 9,
       TO_DATE('28/09/2013','DD/MM/YYYY'), 1.5, NULL);

INSERT INTO T_AM_ART_LANCA_DESPESA
VALUES(SQ_AM_ART_LANCA_DESPESA.NEXTVAL, 2, 9,
       TO_DATE('29/09/2013','DD/MM/YYYY'),9.5, NULL);
       
INSERT INTO T_AM_ART_LANCA_DESPESA
VALUES(SQ_AM_ART_LANCA_DESPESA.NEXTVAL, 1, 9,
       TO_DATE('30/09/2013','DD/MM/YYYY'), 1.5, NULL);
       
INSERT INTO T_AM_ART_LANCA_DESPESA
VALUES(SQ_AM_ART_LANCA_DESPESA.NEXTVAL, 6, 9,
       TO_DATE('01/10/2013','DD/MM/YYYY'), 7, NULL);
       
INSERT INTO T_AM_ART_LANCA_DESPESA
VALUES(SQ_AM_ART_LANCA_DESPESA.NEXTVAL, 4, 9,
       TO_DATE('02/10/2013','DD/MM/YYYY'), 12.5, NULL);

INSERT INTO T_AM_ART_LANCA_DESPESA
VALUES(SQ_AM_ART_LANCA_DESPESA.NEXTVAL, 5, 9,
       TO_DATE('03/10/2013','DD/MM/YYYY'), 2.5, NULL);
       
INSERT INTO T_AM_ART_LANCA_DESPESA
VALUES(SQ_AM_ART_LANCA_DESPESA.NEXTVAL, 1, 9,
       TO_DATE('04/10/2013','DD/MM/YYYY'), 1.5, NULL);
       
INSERT INTO T_AM_ART_LANCA_DESPESA
VALUES(SQ_AM_ART_LANCA_DESPESA.NEXTVAL, 2, 9,
       TO_DATE('05/10/2013','DD/MM/YYYY'), 8.5, NULL);
       
INSERT INTO T_AM_ART_LANCA_DESPESA
VALUES(SQ_AM_ART_LANCA_DESPESA.NEXTVAL, 3, 9,
       TO_DATE('06/10/2013','DD/MM/YYYY'), 14, NULL);

INSERT INTO T_AM_ART_LANCA_DESPESA
VALUES(SQ_AM_ART_LANCA_DESPESA.NEXTVAL, 6, 9,
       TO_DATE('16/10/2013','DD/MM/YYYY'), 4, NULL);
       
INSERT INTO T_AM_ART_LANCA_DESPESA
VALUES(SQ_AM_ART_LANCA_DESPESA.NEXTVAL, 1, 10,
       TO_DATE('17/10/2013','DD/MM/YYYY'), 1.5, NULL);

INSERT INTO T_AM_ART_LANCA_DESPESA
VALUES(SQ_AM_ART_LANCA_DESPESA.NEXTVAL, 2, 10,
       TO_DATE('18/10/2013','DD/MM/YYYY'),9.5, NULL);
       
INSERT INTO T_AM_ART_LANCA_DESPESA
VALUES(SQ_AM_ART_LANCA_DESPESA.NEXTVAL, 1, 10,
       TO_DATE('19/10/2013','DD/MM/YYYY'), 1.5, NULL);
       
INSERT INTO T_AM_ART_LANCA_DESPESA
VALUES(SQ_AM_ART_LANCA_DESPESA.NEXTVAL, 6, 10,
       TO_DATE('20/10/2013','DD/MM/YYYY'), 7, NULL);
       
INSERT INTO T_AM_ART_LANCA_DESPESA
VALUES(SQ_AM_ART_LANCA_DESPESA.NEXTVAL, 4, 10,
       TO_DATE('21/10/2013','DD/MM/YYYY'), 12.5, NULL);

INSERT INTO T_AM_ART_LANCA_DESPESA
VALUES(SQ_AM_ART_LANCA_DESPESA.NEXTVAL, 5, 10,
       TO_DATE('22/10/2013','DD/MM/YYYY'), 2.5, NULL);
       
INSERT INTO T_AM_ART_LANCA_DESPESA
VALUES(SQ_AM_ART_LANCA_DESPESA.NEXTVAL, 1, 10,
       TO_DATE('23/10/2013','DD/MM/YYYY'), 1.5, NULL);
       
INSERT INTO T_AM_ART_LANCA_DESPESA
VALUES(SQ_AM_ART_LANCA_DESPESA.NEXTVAL, 2, 10,
       TO_DATE('24/10/2013','DD/MM/YYYY'), 8.5, NULL);
       
INSERT INTO T_AM_ART_LANCA_DESPESA
VALUES(SQ_AM_ART_LANCA_DESPESA.NEXTVAL, 3, 10,
       TO_DATE('25/10/2013','DD/MM/YYYY'), 14, NULL);

INSERT INTO T_AM_ART_LANCA_DESPESA
VALUES(SQ_AM_ART_LANCA_DESPESA.NEXTVAL, 6, 10,
       TO_DATE('26/10/2013','DD/MM/YYYY'), 4, NULL);
       
INSERT INTO T_AM_ART_LANCA_DESPESA
VALUES(SQ_AM_ART_LANCA_DESPESA.NEXTVAL, 1, 11,
       TO_DATE('18/11/2013','DD/MM/YYYY'), 1.5, NULL);

INSERT INTO T_AM_ART_LANCA_DESPESA
VALUES(SQ_AM_ART_LANCA_DESPESA.NEXTVAL, 2, 11,
       TO_DATE('19/11/2013','DD/MM/YYYY'),9.5, NULL);
       
INSERT INTO T_AM_ART_LANCA_DESPESA
VALUES(SQ_AM_ART_LANCA_DESPESA.NEXTVAL, 1, 11,
       TO_DATE('20/11/2013','DD/MM/YYYY'), 1.5, NULL);
       
INSERT INTO T_AM_ART_LANCA_DESPESA
VALUES(SQ_AM_ART_LANCA_DESPESA.NEXTVAL, 6, 11,
       TO_DATE('21/11/2013','DD/MM/YYYY'), 7, NULL);
       
INSERT INTO T_AM_ART_LANCA_DESPESA
VALUES(SQ_AM_ART_LANCA_DESPESA.NEXTVAL, 4, 11,
       TO_DATE('22/11/2013','DD/MM/YYYY'), 12.5, NULL);

INSERT INTO T_AM_ART_LANCA_DESPESA
VALUES(SQ_AM_ART_LANCA_DESPESA.NEXTVAL, 5, 11,
       TO_DATE('23/11/2013','DD/MM/YYYY'), 2.5, NULL);
       
INSERT INTO T_AM_ART_LANCA_DESPESA
VALUES(SQ_AM_ART_LANCA_DESPESA.NEXTVAL, 1, 11,
       TO_DATE('24/11/2013','DD/MM/YYYY'), 1.5, NULL);
       
INSERT INTO T_AM_ART_LANCA_DESPESA
VALUES(SQ_AM_ART_LANCA_DESPESA.NEXTVAL, 2, 11,
       TO_DATE('25/11/2013','DD/MM/YYYY'), 8.5, NULL);
       
INSERT INTO T_AM_ART_LANCA_DESPESA
VALUES(SQ_AM_ART_LANCA_DESPESA.NEXTVAL, 3, 11,
       TO_DATE('26/11/2013','DD/MM/YYYY'), 14, NULL);

INSERT INTO T_AM_ART_LANCA_DESPESA
VALUES(SQ_AM_ART_LANCA_DESPESA.NEXTVAL, 6, 11,
       TO_DATE('27/11/2013','DD/MM/YYYY'), 4, NULL);

INSERT INTO T_AM_ART_LANCA_DESPESA
VALUES(SQ_AM_ART_LANCA_DESPESA.NEXTVAL, 1, 12,
       TO_DATE('19/01/2013','DD/MM/YYYY'), 1.5, NULL);

INSERT INTO T_AM_ART_LANCA_DESPESA
VALUES(SQ_AM_ART_LANCA_DESPESA.NEXTVAL, 2, 12,
       TO_DATE('20/01/2013','DD/MM/YYYY'),9.5, NULL);
       
INSERT INTO T_AM_ART_LANCA_DESPESA
VALUES(SQ_AM_ART_LANCA_DESPESA.NEXTVAL, 1, 12,
       TO_DATE('21/01/2013','DD/MM/YYYY'), 1.5, NULL);
       
INSERT INTO T_AM_ART_LANCA_DESPESA
VALUES(SQ_AM_ART_LANCA_DESPESA.NEXTVAL, 6, 12,
       TO_DATE('22/01/2013','DD/MM/YYYY'), 7, NULL);
       
INSERT INTO T_AM_ART_LANCA_DESPESA
VALUES(SQ_AM_ART_LANCA_DESPESA.NEXTVAL, 4, 12,
       TO_DATE('23/01/2013','DD/MM/YYYY'), 12.5, NULL);

INSERT INTO T_AM_ART_LANCA_DESPESA
VALUES(SQ_AM_ART_LANCA_DESPESA.NEXTVAL, 5, 12,
       TO_DATE('24/01/2013','DD/MM/YYYY'), 2.5, NULL);
       
INSERT INTO T_AM_ART_LANCA_DESPESA
VALUES(SQ_AM_ART_LANCA_DESPESA.NEXTVAL, 1, 12,
       TO_DATE('25/01/2013','DD/MM/YYYY'), 1.5, NULL);
       
INSERT INTO T_AM_ART_LANCA_DESPESA
VALUES(SQ_AM_ART_LANCA_DESPESA.NEXTVAL, 2, 12,
       TO_DATE('26/01/2013','DD/MM/YYYY'), 8.5, NULL);
       
INSERT INTO T_AM_ART_LANCA_DESPESA
VALUES(SQ_AM_ART_LANCA_DESPESA.NEXTVAL, 3, 12,
       TO_DATE('27/01/2013','DD/MM/YYYY'), 14, NULL);

INSERT INTO T_AM_ART_LANCA_DESPESA
VALUES(SQ_AM_ART_LANCA_DESPESA.NEXTVAL, 6, 12,
       TO_DATE('28/01/2013','DD/MM/YYYY'), 4, NULL);

INSERT INTO T_AM_ART_LANCA_DESPESA
VALUES(SQ_AM_ART_LANCA_DESPESA.NEXTVAL, 1, 13,
       TO_DATE('28/02/2013','DD/MM/YYYY'), 1.5, NULL);

INSERT INTO T_AM_ART_LANCA_DESPESA
VALUES(SQ_AM_ART_LANCA_DESPESA.NEXTVAL, 2, 13,
       TO_DATE('01/03/2013','DD/MM/YYYY'),9.5, NULL);
       
INSERT INTO T_AM_ART_LANCA_DESPESA
VALUES(SQ_AM_ART_LANCA_DESPESA.NEXTVAL, 1, 13,
       TO_DATE('02/03/2013','DD/MM/YYYY'), 1.5, NULL);
       
INSERT INTO T_AM_ART_LANCA_DESPESA
VALUES(SQ_AM_ART_LANCA_DESPESA.NEXTVAL, 6, 13,
       TO_DATE('03/03/2013','DD/MM/YYYY'), 7, NULL);
       
INSERT INTO T_AM_ART_LANCA_DESPESA
VALUES(SQ_AM_ART_LANCA_DESPESA.NEXTVAL, 4, 13,
       TO_DATE('04/03/2013','DD/MM/YYYY'), 12.5, NULL);

INSERT INTO T_AM_ART_LANCA_DESPESA
VALUES(SQ_AM_ART_LANCA_DESPESA.NEXTVAL, 5, 13,
       TO_DATE('05/03/2013','DD/MM/YYYY'), 2.5, NULL);
       
INSERT INTO T_AM_ART_LANCA_DESPESA
VALUES(SQ_AM_ART_LANCA_DESPESA.NEXTVAL, 1, 13,
       TO_DATE('06/03/2013','DD/MM/YYYY'), 1.5, NULL);
       
INSERT INTO T_AM_ART_LANCA_DESPESA
VALUES(SQ_AM_ART_LANCA_DESPESA.NEXTVAL, 2, 13,
       TO_DATE('07/03/2013','DD/MM/YYYY'), 8.5, NULL);
       
INSERT INTO T_AM_ART_LANCA_DESPESA
VALUES(SQ_AM_ART_LANCA_DESPESA.NEXTVAL, 3, 13,
       TO_DATE('08/03/2013','DD/MM/YYYY'), 14, NULL);

INSERT INTO T_AM_ART_LANCA_DESPESA
VALUES(SQ_AM_ART_LANCA_DESPESA.NEXTVAL, 6, 13,
       TO_DATE('09/03/2013','DD/MM/YYYY'), 4, NULL);
             
INSERT INTO T_AM_ART_LANCA_DESPESA
VALUES(SQ_AM_ART_LANCA_DESPESA.NEXTVAL, 1, 14,
       TO_DATE('26/03/2013','DD/MM/YYYY'), 1.5, NULL);

INSERT INTO T_AM_ART_LANCA_DESPESA
VALUES(SQ_AM_ART_LANCA_DESPESA.NEXTVAL, 2, 14,
       TO_DATE('27/03/2013','DD/MM/YYYY'),9.5, NULL);
       
INSERT INTO T_AM_ART_LANCA_DESPESA
VALUES(SQ_AM_ART_LANCA_DESPESA.NEXTVAL, 1, 14,
       TO_DATE('28/03/2013','DD/MM/YYYY'), 1.5, NULL);
       
INSERT INTO T_AM_ART_LANCA_DESPESA
VALUES(SQ_AM_ART_LANCA_DESPESA.NEXTVAL, 6, 14,
       TO_DATE('29/03/2013','DD/MM/YYYY'), 7, NULL);
       
INSERT INTO T_AM_ART_LANCA_DESPESA
VALUES(SQ_AM_ART_LANCA_DESPESA.NEXTVAL, 4, 14,
       TO_DATE('30/03/2013','DD/MM/YYYY'), 12.5, NULL);

INSERT INTO T_AM_ART_LANCA_DESPESA
VALUES(SQ_AM_ART_LANCA_DESPESA.NEXTVAL, 5, 14,
       TO_DATE('31/03/2013','DD/MM/YYYY'), 2.5, NULL);
       
INSERT INTO T_AM_ART_LANCA_DESPESA
VALUES(SQ_AM_ART_LANCA_DESPESA.NEXTVAL, 1, 14,
       TO_DATE('01/04/2013','DD/MM/YYYY'), 1.5, NULL);
       
INSERT INTO T_AM_ART_LANCA_DESPESA
VALUES(SQ_AM_ART_LANCA_DESPESA.NEXTVAL, 2, 14,
       TO_DATE('02/04/2013','DD/MM/YYYY'), 8.5, NULL);
       
INSERT INTO T_AM_ART_LANCA_DESPESA
VALUES(SQ_AM_ART_LANCA_DESPESA.NEXTVAL, 3, 14,
       TO_DATE('03/04/2013','DD/MM/YYYY'), 14, NULL);

INSERT INTO T_AM_ART_LANCA_DESPESA
VALUES(SQ_AM_ART_LANCA_DESPESA.NEXTVAL, 6, 14,
       TO_DATE('04/04/2013','DD/MM/YYYY'), 4, NULL);

INSERT INTO T_AM_ART_LANCA_DESPESA
VALUES(SQ_AM_ART_LANCA_DESPESA.NEXTVAL, 1, 15,
       TO_DATE('15/04/2013','DD/MM/YYYY'), 1.5, NULL);

INSERT INTO T_AM_ART_LANCA_DESPESA
VALUES(SQ_AM_ART_LANCA_DESPESA.NEXTVAL, 2, 15,
       TO_DATE('16/04/2013','DD/MM/YYYY'),9.5, NULL);
       
INSERT INTO T_AM_ART_LANCA_DESPESA
VALUES(SQ_AM_ART_LANCA_DESPESA.NEXTVAL, 1, 15,
       TO_DATE('17/04/2013','DD/MM/YYYY'), 1.5, NULL);
       
INSERT INTO T_AM_ART_LANCA_DESPESA
VALUES(SQ_AM_ART_LANCA_DESPESA.NEXTVAL, 6, 15,
       TO_DATE('18/04/2013','DD/MM/YYYY'), 7, NULL);
       
INSERT INTO T_AM_ART_LANCA_DESPESA
VALUES(SQ_AM_ART_LANCA_DESPESA.NEXTVAL, 4, 15,
       TO_DATE('19/04/2013','DD/MM/YYYY'), 12.5, NULL);

INSERT INTO T_AM_ART_LANCA_DESPESA
VALUES(SQ_AM_ART_LANCA_DESPESA.NEXTVAL, 5, 15,
       TO_DATE('20/04/2013','DD/MM/YYYY'), 2.5, NULL);
       
INSERT INTO T_AM_ART_LANCA_DESPESA
VALUES(SQ_AM_ART_LANCA_DESPESA.NEXTVAL, 1, 15,
       TO_DATE('21/04/2013','DD/MM/YYYY'), 1.5, NULL);
       
INSERT INTO T_AM_ART_LANCA_DESPESA
VALUES(SQ_AM_ART_LANCA_DESPESA.NEXTVAL, 2, 15,
       TO_DATE('22/04/2013','DD/MM/YYYY'), 8.5, NULL);
       
INSERT INTO T_AM_ART_LANCA_DESPESA
VALUES(SQ_AM_ART_LANCA_DESPESA.NEXTVAL, 3, 15,
       TO_DATE('23/04/2013','DD/MM/YYYY'), 14, NULL);

INSERT INTO T_AM_ART_LANCA_DESPESA
VALUES(SQ_AM_ART_LANCA_DESPESA.NEXTVAL, 6, 15,
       TO_DATE('24/04/2013','DD/MM/YYYY'), 4, NULL);

INSERT INTO T_AM_ART_LANCA_DESPESA
VALUES(SQ_AM_ART_LANCA_DESPESA.NEXTVAL, 1, 16,
       TO_DATE('29/05/2013','DD/MM/YYYY'), 1.5, NULL);

INSERT INTO T_AM_ART_LANCA_DESPESA
VALUES(SQ_AM_ART_LANCA_DESPESA.NEXTVAL, 2, 16,
       TO_DATE('30/05/2013','DD/MM/YYYY'),9.5, NULL);
       
INSERT INTO T_AM_ART_LANCA_DESPESA
VALUES(SQ_AM_ART_LANCA_DESPESA.NEXTVAL, 1, 16,
       TO_DATE('31/05/2013','DD/MM/YYYY'), 1.5, NULL);
       
INSERT INTO T_AM_ART_LANCA_DESPESA
VALUES(SQ_AM_ART_LANCA_DESPESA.NEXTVAL, 6, 16,
       TO_DATE('01/06/2013','DD/MM/YYYY'), 7, NULL);
       
INSERT INTO T_AM_ART_LANCA_DESPESA
VALUES(SQ_AM_ART_LANCA_DESPESA.NEXTVAL, 4, 16,
       TO_DATE('02/06/2013','DD/MM/YYYY'), 12.5, NULL);

INSERT INTO T_AM_ART_LANCA_DESPESA
VALUES(SQ_AM_ART_LANCA_DESPESA.NEXTVAL, 5, 16,
       TO_DATE('03/06/2013','DD/MM/YYYY'), 2.5, NULL);
       
INSERT INTO T_AM_ART_LANCA_DESPESA
VALUES(SQ_AM_ART_LANCA_DESPESA.NEXTVAL, 1, 16,
       TO_DATE('04/06/2013','DD/MM/YYYY'), 1.5, NULL);
       
INSERT INTO T_AM_ART_LANCA_DESPESA
VALUES(SQ_AM_ART_LANCA_DESPESA.NEXTVAL, 2, 16,
       TO_DATE('05/06/2013','DD/MM/YYYY'), 8.5, NULL);
       
INSERT INTO T_AM_ART_LANCA_DESPESA
VALUES(SQ_AM_ART_LANCA_DESPESA.NEXTVAL, 3, 16,
       TO_DATE('06/06/2013','DD/MM/YYYY'), 14, NULL);

INSERT INTO T_AM_ART_LANCA_DESPESA
VALUES(SQ_AM_ART_LANCA_DESPESA.NEXTVAL, 6, 16,
       TO_DATE('07/06/2013','DD/MM/YYYY'), 4, NULL);

INSERT INTO T_AM_ART_LANCA_DESPESA
VALUES(SQ_AM_ART_LANCA_DESPESA.NEXTVAL, 1, 17,
       TO_DATE('22/06/2013','DD/MM/YYYY'), 1.5, NULL);

INSERT INTO T_AM_ART_LANCA_DESPESA
VALUES(SQ_AM_ART_LANCA_DESPESA.NEXTVAL, 2, 17,
       TO_DATE('23/06/2013','DD/MM/YYYY'),9.5, NULL);
       
INSERT INTO T_AM_ART_LANCA_DESPESA
VALUES(SQ_AM_ART_LANCA_DESPESA.NEXTVAL, 1, 17,
       TO_DATE('24/06/2013','DD/MM/YYYY'), 1.5, NULL);
       
INSERT INTO T_AM_ART_LANCA_DESPESA
VALUES(SQ_AM_ART_LANCA_DESPESA.NEXTVAL, 6, 17,
       TO_DATE('25/06/2013','DD/MM/YYYY'), 7, NULL);
       
INSERT INTO T_AM_ART_LANCA_DESPESA
VALUES(SQ_AM_ART_LANCA_DESPESA.NEXTVAL, 4, 17,
       TO_DATE('26/06/2013','DD/MM/YYYY'), 12.5, NULL);

INSERT INTO T_AM_ART_LANCA_DESPESA
VALUES(SQ_AM_ART_LANCA_DESPESA.NEXTVAL, 5, 17,
       TO_DATE('27/06/2013','DD/MM/YYYY'), 2.5, NULL);
       
INSERT INTO T_AM_ART_LANCA_DESPESA
VALUES(SQ_AM_ART_LANCA_DESPESA.NEXTVAL, 1, 17,
       TO_DATE('28/06/2013','DD/MM/YYYY'), 1.5, NULL);
       
INSERT INTO T_AM_ART_LANCA_DESPESA
VALUES(SQ_AM_ART_LANCA_DESPESA.NEXTVAL, 2, 17,
       TO_DATE('29/06/2013','DD/MM/YYYY'), 8.5, NULL);
       
INSERT INTO T_AM_ART_LANCA_DESPESA
VALUES(SQ_AM_ART_LANCA_DESPESA.NEXTVAL, 3, 17,
       TO_DATE('30/06/2013','DD/MM/YYYY'), 14, NULL);

INSERT INTO T_AM_ART_LANCA_DESPESA
VALUES(SQ_AM_ART_LANCA_DESPESA.NEXTVAL, 6, 17,
       TO_DATE('01/07/2013','DD/MM/YYYY'), 4, NULL);

INSERT INTO T_AM_ART_LANCA_DESPESA
VALUES(SQ_AM_ART_LANCA_DESPESA.NEXTVAL, 1, 18,
       TO_DATE('04/07/2013','DD/MM/YYYY'), 1.5, NULL);

INSERT INTO T_AM_ART_LANCA_DESPESA
VALUES(SQ_AM_ART_LANCA_DESPESA.NEXTVAL, 2, 18,
       TO_DATE('05/07/2013','DD/MM/YYYY'),9.5, NULL);
       
INSERT INTO T_AM_ART_LANCA_DESPESA
VALUES(SQ_AM_ART_LANCA_DESPESA.NEXTVAL, 1, 18,
       TO_DATE('06/07/2013','DD/MM/YYYY'), 1.5, NULL);
       
INSERT INTO T_AM_ART_LANCA_DESPESA
VALUES(SQ_AM_ART_LANCA_DESPESA.NEXTVAL, 6, 18,
       TO_DATE('07/07/2013','DD/MM/YYYY'), 7, NULL);
       
INSERT INTO T_AM_ART_LANCA_DESPESA
VALUES(SQ_AM_ART_LANCA_DESPESA.NEXTVAL, 4, 18,
       TO_DATE('08/07/2013','DD/MM/YYYY'), 12.5, NULL);

INSERT INTO T_AM_ART_LANCA_DESPESA
VALUES(SQ_AM_ART_LANCA_DESPESA.NEXTVAL, 5, 18,
       TO_DATE('09/07/2013','DD/MM/YYYY'), 2.5, NULL);
       
INSERT INTO T_AM_ART_LANCA_DESPESA
VALUES(SQ_AM_ART_LANCA_DESPESA.NEXTVAL, 1, 18,
       TO_DATE('10/07/2013','DD/MM/YYYY'), 1.5, NULL);
       
INSERT INTO T_AM_ART_LANCA_DESPESA
VALUES(SQ_AM_ART_LANCA_DESPESA.NEXTVAL, 2, 18,
       TO_DATE('11/07/2013','DD/MM/YYYY'), 8.5, NULL);
       
INSERT INTO T_AM_ART_LANCA_DESPESA
VALUES(SQ_AM_ART_LANCA_DESPESA.NEXTVAL, 3, 18,
       TO_DATE('12/07/2013','DD/MM/YYYY'), 14, NULL);

INSERT INTO T_AM_ART_LANCA_DESPESA
VALUES(SQ_AM_ART_LANCA_DESPESA.NEXTVAL, 6, 18,
       TO_DATE('13/07/2013','DD/MM/YYYY'), 4, NULL);

INSERT INTO T_AM_ART_LANCA_DESPESA
VALUES(SQ_AM_ART_LANCA_DESPESA.NEXTVAL, 1, 19,
       TO_DATE('23/08/2013','DD/MM/YYYY'), 1.5, NULL);

INSERT INTO T_AM_ART_LANCA_DESPESA
VALUES(SQ_AM_ART_LANCA_DESPESA.NEXTVAL, 2, 19,
       TO_DATE('24/08/2013','DD/MM/YYYY'),9.5, NULL);
       
INSERT INTO T_AM_ART_LANCA_DESPESA
VALUES(SQ_AM_ART_LANCA_DESPESA.NEXTVAL, 1, 19,
       TO_DATE('25/08/2013','DD/MM/YYYY'), 1.5, NULL);
       
INSERT INTO T_AM_ART_LANCA_DESPESA
VALUES(SQ_AM_ART_LANCA_DESPESA.NEXTVAL, 6, 19,
       TO_DATE('26/08/2013','DD/MM/YYYY'), 7, NULL);
       
INSERT INTO T_AM_ART_LANCA_DESPESA
VALUES(SQ_AM_ART_LANCA_DESPESA.NEXTVAL, 4, 19,
       TO_DATE('27/08/2013','DD/MM/YYYY'), 12.5, NULL);

INSERT INTO T_AM_ART_LANCA_DESPESA
VALUES(SQ_AM_ART_LANCA_DESPESA.NEXTVAL, 5, 19,
       TO_DATE('28/08/2013','DD/MM/YYYY'), 2.5, NULL);
       
INSERT INTO T_AM_ART_LANCA_DESPESA
VALUES(SQ_AM_ART_LANCA_DESPESA.NEXTVAL, 1, 19,
       TO_DATE('29/08/2013','DD/MM/YYYY'), 1.5, NULL);
       
INSERT INTO T_AM_ART_LANCA_DESPESA
VALUES(SQ_AM_ART_LANCA_DESPESA.NEXTVAL, 2, 19,
       TO_DATE('30/08/2013','DD/MM/YYYY'), 8.5, NULL);
       
INSERT INTO T_AM_ART_LANCA_DESPESA
VALUES(SQ_AM_ART_LANCA_DESPESA.NEXTVAL, 3, 19,
       TO_DATE('31/08/2013','DD/MM/YYYY'), 14, NULL);

INSERT INTO T_AM_ART_LANCA_DESPESA
VALUES(SQ_AM_ART_LANCA_DESPESA.NEXTVAL, 6, 19,
       TO_DATE('01/09/2013','DD/MM/YYYY'), 4, NULL);

INSERT INTO T_AM_ART_LANCA_DESPESA
VALUES(SQ_AM_ART_LANCA_DESPESA.NEXTVAL, 1, 20,
       TO_DATE('19/09/2013','DD/MM/YYYY'), 1.5, NULL);

INSERT INTO T_AM_ART_LANCA_DESPESA
VALUES(SQ_AM_ART_LANCA_DESPESA.NEXTVAL, 2, 20,
       TO_DATE('20/09/2013','DD/MM/YYYY'),9.5, NULL);
       
INSERT INTO T_AM_ART_LANCA_DESPESA
VALUES(SQ_AM_ART_LANCA_DESPESA.NEXTVAL, 1, 20,
       TO_DATE('21/09/2013','DD/MM/YYYY'), 1.5, NULL);
       
INSERT INTO T_AM_ART_LANCA_DESPESA
VALUES(SQ_AM_ART_LANCA_DESPESA.NEXTVAL, 6, 20,
       TO_DATE('22/09/2013','DD/MM/YYYY'), 7, NULL);
       
INSERT INTO T_AM_ART_LANCA_DESPESA
VALUES(SQ_AM_ART_LANCA_DESPESA.NEXTVAL, 4, 20,
       TO_DATE('23/09/2013','DD/MM/YYYY'), 12.5, NULL);

INSERT INTO T_AM_ART_LANCA_DESPESA
VALUES(SQ_AM_ART_LANCA_DESPESA.NEXTVAL, 5, 20,
       TO_DATE('24/09/2013','DD/MM/YYYY'), 2.5, NULL);
       
INSERT INTO T_AM_ART_LANCA_DESPESA
VALUES(SQ_AM_ART_LANCA_DESPESA.NEXTVAL, 1, 20,
       TO_DATE('25/09/2013','DD/MM/YYYY'), 1.5, NULL);
       
INSERT INTO T_AM_ART_LANCA_DESPESA
VALUES(SQ_AM_ART_LANCA_DESPESA.NEXTVAL, 2, 20,
       TO_DATE('26/09/2013','DD/MM/YYYY'), 8.5, NULL);
       
INSERT INTO T_AM_ART_LANCA_DESPESA
VALUES(SQ_AM_ART_LANCA_DESPESA.NEXTVAL, 3, 20,
       TO_DATE('27/09/2013','DD/MM/YYYY'), 14, NULL);

INSERT INTO T_AM_ART_LANCA_DESPESA
VALUES(SQ_AM_ART_LANCA_DESPESA.NEXTVAL, 6, 20,
       TO_DATE('28/09/2013','DD/MM/YYYY'), 4, NULL);

INSERT INTO T_AM_ART_LANCA_DESPESA
VALUES(SQ_AM_ART_LANCA_DESPESA.NEXTVAL, 1, 21,
       TO_DATE('23/10/2013','DD/MM/YYYY'), 1.5, NULL);

INSERT INTO T_AM_ART_LANCA_DESPESA
VALUES(SQ_AM_ART_LANCA_DESPESA.NEXTVAL, 2, 21,
       TO_DATE('24/10/2013','DD/MM/YYYY'),9.5, NULL);
       
INSERT INTO T_AM_ART_LANCA_DESPESA
VALUES(SQ_AM_ART_LANCA_DESPESA.NEXTVAL, 1, 21,
       TO_DATE('25/10/2013','DD/MM/YYYY'), 1.5, NULL);
       
INSERT INTO T_AM_ART_LANCA_DESPESA
VALUES(SQ_AM_ART_LANCA_DESPESA.NEXTVAL, 6, 21,
       TO_DATE('26/10/2013','DD/MM/YYYY'), 7, NULL);
       
INSERT INTO T_AM_ART_LANCA_DESPESA
VALUES(SQ_AM_ART_LANCA_DESPESA.NEXTVAL, 4, 21,
       TO_DATE('27/10/2013','DD/MM/YYYY'), 12.5, NULL);

INSERT INTO T_AM_ART_LANCA_DESPESA
VALUES(SQ_AM_ART_LANCA_DESPESA.NEXTVAL, 5, 21,
       TO_DATE('28/10/2013','DD/MM/YYYY'), 2.5, NULL);
       
INSERT INTO T_AM_ART_LANCA_DESPESA
VALUES(SQ_AM_ART_LANCA_DESPESA.NEXTVAL, 1, 21,
       TO_DATE('29/10/2013','DD/MM/YYYY'), 1.5, NULL);
       
INSERT INTO T_AM_ART_LANCA_DESPESA
VALUES(SQ_AM_ART_LANCA_DESPESA.NEXTVAL, 2, 21,
       TO_DATE('30/10/2013','DD/MM/YYYY'), 8.5, NULL);
       
INSERT INTO T_AM_ART_LANCA_DESPESA
VALUES(SQ_AM_ART_LANCA_DESPESA.NEXTVAL, 3, 21,
       TO_DATE('31/10/2013','DD/MM/YYYY'), 14, NULL);

INSERT INTO T_AM_ART_LANCA_DESPESA
VALUES(SQ_AM_ART_LANCA_DESPESA.NEXTVAL, 6, 21,
       TO_DATE('01/11/2013','DD/MM/YYYY'), 4, NULL);

INSERT INTO T_AM_ART_LANCA_DESPESA
VALUES(SQ_AM_ART_LANCA_DESPESA.NEXTVAL, 1, 22,
       TO_DATE('16/11/2013','DD/MM/YYYY'), 1.5, NULL);

INSERT INTO T_AM_ART_LANCA_DESPESA
VALUES(SQ_AM_ART_LANCA_DESPESA.NEXTVAL, 2, 22,
       TO_DATE('17/11/2013','DD/MM/YYYY'),9.5, NULL);
       
INSERT INTO T_AM_ART_LANCA_DESPESA
VALUES(SQ_AM_ART_LANCA_DESPESA.NEXTVAL, 1, 22,
       TO_DATE('18/11/2013','DD/MM/YYYY'), 1.5, NULL);
       
INSERT INTO T_AM_ART_LANCA_DESPESA
VALUES(SQ_AM_ART_LANCA_DESPESA.NEXTVAL, 6, 22,
       TO_DATE('19/11/2013','DD/MM/YYYY'), 7, NULL);
       
INSERT INTO T_AM_ART_LANCA_DESPESA
VALUES(SQ_AM_ART_LANCA_DESPESA.NEXTVAL, 4, 22,
       TO_DATE('20/11/2013','DD/MM/YYYY'), 12.5, NULL);

INSERT INTO T_AM_ART_LANCA_DESPESA
VALUES(SQ_AM_ART_LANCA_DESPESA.NEXTVAL, 5, 22,
       TO_DATE('21/11/2013','DD/MM/YYYY'), 2.5, NULL);
       
INSERT INTO T_AM_ART_LANCA_DESPESA
VALUES(SQ_AM_ART_LANCA_DESPESA.NEXTVAL, 1, 22,
       TO_DATE('22/11/2013','DD/MM/YYYY'), 1.5, NULL);
       
INSERT INTO T_AM_ART_LANCA_DESPESA
VALUES(SQ_AM_ART_LANCA_DESPESA.NEXTVAL, 2, 22,
       TO_DATE('23/11/2013','DD/MM/YYYY'), 8.5, NULL);
       
INSERT INTO T_AM_ART_LANCA_DESPESA
VALUES(SQ_AM_ART_LANCA_DESPESA.NEXTVAL, 3, 22,
       TO_DATE('24/11/2013','DD/MM/YYYY'), 14, NULL);

INSERT INTO T_AM_ART_LANCA_DESPESA
VALUES(SQ_AM_ART_LANCA_DESPESA.NEXTVAL, 6, 22,
       TO_DATE('25/11/2013','DD/MM/YYYY'), 4, NULL);

INSERT INTO T_AM_ART_LANCA_DESPESA
VALUES(SQ_AM_ART_LANCA_DESPESA.NEXTVAL, 1, 23,
       TO_DATE('24/01/2013','DD/MM/YYYY'), 1.5, NULL);

INSERT INTO T_AM_ART_LANCA_DESPESA
VALUES(SQ_AM_ART_LANCA_DESPESA.NEXTVAL, 2, 23,
       TO_DATE('25/01/2013','DD/MM/YYYY'),9.5, NULL);
       
INSERT INTO T_AM_ART_LANCA_DESPESA
VALUES(SQ_AM_ART_LANCA_DESPESA.NEXTVAL, 1, 23,
       TO_DATE('26/01/2013','DD/MM/YYYY'), 1.5, NULL);
       
INSERT INTO T_AM_ART_LANCA_DESPESA
VALUES(SQ_AM_ART_LANCA_DESPESA.NEXTVAL, 6, 23,
       TO_DATE('27/01/2013','DD/MM/YYYY'), 7, NULL);
       
INSERT INTO T_AM_ART_LANCA_DESPESA
VALUES(SQ_AM_ART_LANCA_DESPESA.NEXTVAL, 4, 23,
       TO_DATE('28/01/2013','DD/MM/YYYY'), 12.5, NULL);

INSERT INTO T_AM_ART_LANCA_DESPESA
VALUES(SQ_AM_ART_LANCA_DESPESA.NEXTVAL, 5, 23,
       TO_DATE('29/01/2013','DD/MM/YYYY'), 2.5, NULL);
       
INSERT INTO T_AM_ART_LANCA_DESPESA
VALUES(SQ_AM_ART_LANCA_DESPESA.NEXTVAL, 1, 23,
       TO_DATE('30/01/2013','DD/MM/YYYY'), 1.5, NULL);
       
INSERT INTO T_AM_ART_LANCA_DESPESA
VALUES(SQ_AM_ART_LANCA_DESPESA.NEXTVAL, 2, 23,
       TO_DATE('31/01/2013','DD/MM/YYYY'), 8.5, NULL);
       
INSERT INTO T_AM_ART_LANCA_DESPESA
VALUES(SQ_AM_ART_LANCA_DESPESA.NEXTVAL, 3, 23,
       TO_DATE('01/02/2013','DD/MM/YYYY'), 14, NULL);

INSERT INTO T_AM_ART_LANCA_DESPESA
VALUES(SQ_AM_ART_LANCA_DESPESA.NEXTVAL, 6, 23,
       TO_DATE('02/02/2013','DD/MM/YYYY'), 4, NULL);

INSERT INTO T_AM_ART_LANCA_DESPESA
VALUES(SQ_AM_ART_LANCA_DESPESA.NEXTVAL, 1, 24,
       TO_DATE('26/02/2013','DD/MM/YYYY'), 1.5, NULL);

INSERT INTO T_AM_ART_LANCA_DESPESA
VALUES(SQ_AM_ART_LANCA_DESPESA.NEXTVAL, 2, 24,
       TO_DATE('27/02/2013','DD/MM/YYYY'),9.5, NULL);
       
INSERT INTO T_AM_ART_LANCA_DESPESA
VALUES(SQ_AM_ART_LANCA_DESPESA.NEXTVAL, 1, 24,
       TO_DATE('28/02/2013','DD/MM/YYYY'), 1.5, NULL);
       
INSERT INTO T_AM_ART_LANCA_DESPESA
VALUES(SQ_AM_ART_LANCA_DESPESA.NEXTVAL, 6, 24,
       TO_DATE('01/03/2013','DD/MM/YYYY'), 7, NULL);
       
INSERT INTO T_AM_ART_LANCA_DESPESA
VALUES(SQ_AM_ART_LANCA_DESPESA.NEXTVAL, 4, 24,
       TO_DATE('02/03/2013','DD/MM/YYYY'), 12.5, NULL);

INSERT INTO T_AM_ART_LANCA_DESPESA
VALUES(SQ_AM_ART_LANCA_DESPESA.NEXTVAL, 5, 24,
       TO_DATE('03/03/2013','DD/MM/YYYY'), 2.5, NULL);
       
INSERT INTO T_AM_ART_LANCA_DESPESA
VALUES(SQ_AM_ART_LANCA_DESPESA.NEXTVAL, 1, 24,
       TO_DATE('04/03/2013','DD/MM/YYYY'), 1.5, NULL);
       
INSERT INTO T_AM_ART_LANCA_DESPESA
VALUES(SQ_AM_ART_LANCA_DESPESA.NEXTVAL, 2, 24,
       TO_DATE('05/03/2013','DD/MM/YYYY'), 8.5, NULL);
       
INSERT INTO T_AM_ART_LANCA_DESPESA
VALUES(SQ_AM_ART_LANCA_DESPESA.NEXTVAL, 3, 24,
       TO_DATE('06/03/2013','DD/MM/YYYY'), 14, NULL);

INSERT INTO T_AM_ART_LANCA_DESPESA
VALUES(SQ_AM_ART_LANCA_DESPESA.NEXTVAL, 6, 24,
       TO_DATE('07/03/2013','DD/MM/YYYY'), 4, NULL);

INSERT INTO T_AM_ART_LANCA_DESPESA
VALUES(SQ_AM_ART_LANCA_DESPESA.NEXTVAL, 1, 25,
       TO_DATE('25/03/2013','DD/MM/YYYY'), 1.5, NULL);

INSERT INTO T_AM_ART_LANCA_DESPESA
VALUES(SQ_AM_ART_LANCA_DESPESA.NEXTVAL, 2, 25,
       TO_DATE('26/03/2013','DD/MM/YYYY'),9.5, NULL);
       
INSERT INTO T_AM_ART_LANCA_DESPESA
VALUES(SQ_AM_ART_LANCA_DESPESA.NEXTVAL, 1, 25,
       TO_DATE('27/03/2013','DD/MM/YYYY'), 1.5, NULL);
       
INSERT INTO T_AM_ART_LANCA_DESPESA
VALUES(SQ_AM_ART_LANCA_DESPESA.NEXTVAL, 6, 25,
       TO_DATE('28/03/2013','DD/MM/YYYY'), 7, NULL);
       
INSERT INTO T_AM_ART_LANCA_DESPESA
VALUES(SQ_AM_ART_LANCA_DESPESA.NEXTVAL, 4, 25,
       TO_DATE('29/03/2013','DD/MM/YYYY'), 12.5, NULL);

INSERT INTO T_AM_ART_LANCA_DESPESA
VALUES(SQ_AM_ART_LANCA_DESPESA.NEXTVAL, 5, 25,
       TO_DATE('30/03/2013','DD/MM/YYYY'), 2.5, NULL);
       
INSERT INTO T_AM_ART_LANCA_DESPESA
VALUES(SQ_AM_ART_LANCA_DESPESA.NEXTVAL, 1, 25,
       TO_DATE('31/03/2013','DD/MM/YYYY'), 1.5, NULL);
       
INSERT INTO T_AM_ART_LANCA_DESPESA
VALUES(SQ_AM_ART_LANCA_DESPESA.NEXTVAL, 2, 25,
       TO_DATE('01/04/2013','DD/MM/YYYY'), 8.5, NULL);
       
INSERT INTO T_AM_ART_LANCA_DESPESA
VALUES(SQ_AM_ART_LANCA_DESPESA.NEXTVAL, 3, 25,
       TO_DATE('02/04/2013','DD/MM/YYYY'), 14, NULL);

INSERT INTO T_AM_ART_LANCA_DESPESA
VALUES(SQ_AM_ART_LANCA_DESPESA.NEXTVAL, 6, 25,
       TO_DATE('03/04/2013','DD/MM/YYYY'), 4, NULL);
       
       
COMMIT;